"id","game","topic","claim","value","unit","source_id","class","confidence","patch","depth","limits","retrieved","reviewer","balance_ready"
"D3-01","Diablo III","early abilities","Wizard active skills begin at character levels 1/2/3/4/5","1|2|3|4|5","character level","D3-ACT-W","S","high for guide; patch uncertain","undated","L2","No skill-slot or timing claim","2026-10-09","Codex (solo)","false"
"D3-02","Diablo III","early abilities","Barbarian active skills begin at character levels 1/2/3/4/5","1|2|3|4|5","character level","D3-ACT-B","S","high for guide; patch uncertain","undated","L2","Not a timed playthrough","2026-10-09","Codex (solo)","false"
"D3-03","Diablo III","unlock cadence","Wizard guide interleaves first runes at 6/7 and first passive choices at 10","6|7|10","character level","D3-PROG-W","S","high for guide; patch uncertain","undated","L2","Available passives are not proof of passive-slot counts","2026-10-09","Codex (solo)","false"
"D3-04","Diablo III","unlock cadence","Barbarian progression also interleaves runes at 6/7 and passive choices at 10","6|7|10","character level","D3-PROG-B","S","high for guide; patch uncertain","undated","L2","Two Blizzard pages are not independent corroboration","2026-10-09","Codex (solo)","false"
"D3-05","Diablo III","mode access","2.7.4 announced Adventure access without Campaign completion","","","D3-274","S","high for stated patch","2.7.4","L2","Do not assume a new account must finish Campaign first","2026-10-09","Codex (solo)","false"
"IDLE-01","Idleon","account loop","Official descriptions center complementary characters and gains while away","","","IDLE-SITE|IDLE-STORE","S","high for advertised loop","undated","L1","No offline cap or efficiency formula verified","2026-10-09","Codex (solo)","false"
"IDLE-02","Idleon","class milestone","Two community guides report class choice through Promotheus at level 10","10","character level","IDLE-W1|IDLE-QUESTS","S2","medium","2026 guide / undated","L2","Source independence and exact build unresolved","2026-10-09","Codex (solo)","false"
"IDLE-03","Idleon","onboarding","Quest guide sequences fighting then crafting/equipping then travel then talent spending","","","IDLE-QUESTS","S2","medium","undated","L2","Sequence only; no duration or measured retention","2026-10-09","Codex (solo)","false"
"TBH-01","Task Bar Hero","release","Publisher lists release on 2026-05-27","2026-05-27","date","TBH-STORE","S","high","live store","L1","Does not establish current build","2026-10-09","Codex (solo)","false"
"TBH-02","Task Bar Hero","idle and loot","Store advertises live auto-play; Cube customization; ten rarity tiers; Marketplace trading","10","advertised rarity tiers","TBH-STORE","S","high for description","live store","L1","No verified closed-client reward ratio or current full rune tree","2026-10-09","Codex (solo)","false"
"TBH-03","Task Bar Hero","item safety","1.2.7/1.2.8 fix locked items affecting Synthesis including after restart","","","TBH-PATCH","S","high for patch report","1.2.7|1.2.8","L2","Fix reports do not prove zero remaining bugs","2026-10-09","Codex (solo)","false"
"TBH-04","Task Bar Hero","reward pacing","1.2.4 removes mandatory per-chest waiting but retains a time-period quantity limit","","","TBH-PATCH","S","high for patch report","1.2.4","L2","Exact present limit not established","2026-10-09","Codex (solo)","false"
"POE-01","Path of Exile 1","build model","Official overview describes equipment sockets with skill/support gems and a shared passive tree","","","POE-OVERVIEW","S","high for described model","undated legacy","L1","Economy section on same page is stale","2026-10-09","Codex (solo)","false"
"POE-02","Path of Exile 1","currency correction","3.26.0 core Settlers notes explicitly use monster-dropped gold","","","POE-326","S","high for patch","3.26.0","L2","Supersedes no-gold overview claim; current economy not fully audited","2026-10-09","Codex (solo)","false"
"POE-03","Path of Exile 1","onboarding","3.0.0 introduced progressively unlocked help pages with integrated tutorials","","","POE-300","S","high for historical feature","3.0.0","L2","No proof this improved player retention","2026-10-09","Codex (solo)","false"
"POE2-01","Path of Exile 2","build constraints","0.3.0 removed one-copy-per-character support restriction and added tiered supports","","","POE2-030","S","high for patch","0.3.0","L2","Not PoE1; do not conflate support copies with skill-gem restrictions","2026-10-09","Codex (solo)","false"
"TL2-01","Torchlight II","skill depth","Pre-release designer describes rank 5/10/15 skill bonuses","5|10|15","invested skill rank","TL2-DEV","S","high for design report only","2012 pre-release","L2","Not character levels; final PC data still needed","2026-10-09","Codex (solo)","false"
"TL2-02","Torchlight II","loop","PC store describes four classes; pet selling trips; New Game Plus retaining progression","4","classes","TL2-STORE","S","high for advertised features","undated PC store","L1","Not MMO architecture evidence","2026-10-09","Codex (solo)","false"
"TL2-03","Torchlight II","platform scope","2019 respec-potion announcement explicitly concerns consoles","","","TL2-CONSOLE","S","high","2019 console","L2","Cannot establish PC respec behavior","2026-10-09","Codex (solo)","false"
"UX-01","Cross-game onboarding","evidence of outcomes","Randomized tutorial study found benefits varied across three games; blocking had no general engagement benefit","3","games","UX-CHI12","S","high within study","CHI 2012","L2","No ARPG effect size can be transferred","2026-10-09","Codex (solo)","false"
"HF-01","Hearthfall","unlock cadence","Current six actives unlock at 1/2/4/6/9/12; last rune at 21","21","last rune level","HF-AUDIT","M","high for current code","11491cf gameplay data","L4","This is availability not a measured boredom curve","2026-10-09","Codex (solo)","false"
"HF-02","Hearthfall","loot metric","Audit killsPerLegendary measures gaps between kills yielding legendary OR set items","","","HF-AUDIT","M","high for script semantics","11491cf gameplay data","L4","Not reciprocal item yield when one kill drops several","2026-10-09","Codex (solo)","false"
