"evidence_id","game","feature_id","coverage","claim_ids","supported_subset","limits"
"FE-001","idleon","F-ACC-03","partial","IDLE-01","Publisher describes complementary characters","Account schema,stable IDs and ownership protection unknown"
"FE-002","d3_campaign","F-ACC-04","partial","D3-28","Recorded character creation/lobby","No account ownership,rename,deletion grace or recovery verified"
"FE-003","tbh","F-ACC-04","partial","TBH-10","Hero setup observed","Account ownership,deletion,rename and recovery not established"
"FE-004","torchlight2","F-SAV-03","partial","TL2-05","Publisher describes manual backup/restore ownership scope","No automatic rotation,hosted recovery or MMO safety claim"
"FE-005","torchlight2","F-CON-06","partial","TL2-06|TL2-07|TL2-10","GUTS content domains,mod metadata and quest-state playtest options","Not Hearthfall-compatible tooling or runtime quest authority"
"FE-006","d3_adventure","F-SET-02","partial","D3-33","Custom A/W/S/D action labels visible","Assignment input,conflict handling and abstraction unknown"
"FE-007","idleon","F-SET-03","partial","IDLE-05","Developer reports optional hiding of pickup text","Not a comprehensive accessibility audit or user outcome"
"FE-008","tbh","F-SET-05","partial","TBH-10","Language setup screen observed","Complete language coverage,selection persistence and correctness unknown"
"FE-009","tbh","F-CMB-01","partial","TBH-02","Publisher advertises automatic live combat","Not a complete resource,dash,status or autocast specification"
"FE-010","d3_campaign","F-CMB-02","partial","D3-07|D3-11","Published active/rune/passive availability through69 in three classes","Undated guide; no complete current slot or elapsed-time model"
"FE-011","d3_adventure","F-CMB-02","partial","D3-07|D3-11|D3-33","Published active/rune/passive availability through69 in three classes; Historical action/passive locks displayed alongside abilities","Undated guide; no complete current slot or elapsed-time model; Shown gates only; complete current enforcement unknown"
"FE-012","tbh","F-CMB-02","partial","TBH-05|TBH-11","Guide and footage distinguish character level,invested ranks and slot purchases","Exact current gate and total point schedule unknown"
"FE-013","poe2","F-CMB-02","partial","POE2-10","Skill selection and existing Skills rows observed","No complete current unlock schedule"
"FE-014","torchlight2","F-CMB-02","partial","TL2-01|TL2-09","Character-level availability,invested-rank bonuses and separate fame point source","Pre-release/source fields; no final numeric total or current schedule"
"FE-015","d3_campaign","F-CMB-03","partial","D3-07|D3-11","Published passive choices interleaved with abilities","Not a tested current passive UI or a proposed talent tree"
"FE-016","d3_adventure","F-CMB-03","partial","D3-07|D3-11","Published passive choices interleaved with abilities","Not a tested current passive UI or a proposed talent tree"
"FE-017","idleon","F-CMB-03","partial","IDLE-09","Talent allocation pane with current/next values and budget","No complete tree,point-award or current rule verification"
"FE-018","tbh","F-CMB-03","partial","TBH-05|TBH-14","Account rune graph is distinct from character skill investment","Graph incomplete;197-node claim not verified"
"FE-019","poe1","F-CMB-03","partial","POE-01|POE-10","Shared passive tree and explicit unconfirmed allocation","No full current topology,refund economy or applied result"
"FE-020","tbh","F-CMB-06","partial","TBH-05","June guide reports free skill refunds","Current actual input,cost and persistence untested"
"FE-021","poe1","F-CMB-06","partial","POE-04","Versioned Genesis and Bloodline refund/replacement distinctions","Not universal passive-tree rules or PoE2 rules"
"FE-022","torchlight2","F-CMB-06","partial","TL2-04","Two secondary PC sources report last-three-point refunds","Provenance independence/current client unknown; console/mod rules separate"
"FE-023","d3_campaign","F-SKL-01","partial","D3-01|D3-02|D3-11","Published class-specific active skills","Not a Hearthfall expansion count or complete class catalogue"
"FE-024","d3_adventure","F-SKL-01","partial","D3-01|D3-02|D3-11","Published class-specific active skills","Not a Hearthfall expansion count or complete class catalogue"
"FE-025","d3_campaign","F-SKL-02","partial","D3-03|D3-04|D3-07","Published class modifiers and availability","Not Hearthfall tier costs or equivalent modifier architecture"
"FE-026","d3_adventure","F-SKL-02","partial","D3-03|D3-04|D3-07","Published class modifiers and availability","Not Hearthfall tier costs or equivalent modifier architecture"
"FE-027","torchlight2","F-SKL-02","partial","TL2-01","Behavior bonuses at invested ranks","Not Hearthfall runes or a new rank/cost target"
"FE-028","d3_campaign","F-SKL-03","partial","D3-07|D3-11","Passive content in three published class tables","Does not verify all current classes or effects"
"FE-029","d3_adventure","F-SKL-03","partial","D3-07|D3-11","Passive content in three published class tables","Does not verify all current classes or effects"
"FE-030","idleon","F-SKL-03","partial","IDLE-09","Talents expose individual effects","No full passive catalogue or applied-effect test"
"FE-031","idleon","F-QST-01","partial","IDLE-03","Secondary guide sequences combat,equipment,travel and talents","Guide content only; data schema,reward transaction and prerequisites unknown"
"FE-032","poe2","F-QST-01","partial","POE2-13","NPC offer,reward icons,Accept Quest and return tracker visible","Runtime schema,prerequisites and reward rules unknown"
"FE-033","torchlight2","F-QST-01","partial","TL2-14","Offer,active tracker,reward choice and next offer distinct","Data schema,full objectives/rewards/prerequisites unknown"
"FE-034","poe2","F-QST-02","partial","POE2-04","Patch reports completion without intended interaction or boss kill","Failure-class evidence only; not verified current authority or party sharing"
"FE-035","d3_campaign","F-QST-03","partial","D3-29","World conversation/dialogue presentation","Dialogue state machine and authoritative commits unknown"
"FE-036","poe2","F-QST-03","partial","POE2-13","NPC quest offer with prose,rewards and acceptance","Branching dialog and committed state unknown"
"FE-037","torchlight2","F-QST-03","partial","TL2-14","World speech and formal quest offer visible","Complete branching dialogue or input tested behavior unknown"
"FE-038","d3_campaign","F-QST-04","partial","D3-29","Visible objective state and return step","Full journal and current input/error flow unknown"
"FE-039","d3_adventure","F-QST-04","partial","D3-32","Separate target and count objective in field tracker","Journal implementation and persisted progress unknown"
"FE-040","poe1","F-QST-04","partial","POE-12","Tracker/banner and map point toward reward","No complete journal or durable reward verified"
"FE-041","poe2","F-QST-04","partial","POE2-13","Return-for-reward tracker observed","Complete journal and durable progress unknown"
"FE-042","torchlight2","F-QST-04","partial","TL2-14","Active tracker and reward selection observed","Full journal and durable result unknown"
"FE-043","d3_adventure","F-QST-05","partial","D3-32","Bounty activity markers on waypoint map","Marker input/error/occlusion rules unknown"
"FE-044","poe1","F-QST-05","partial","POE-12","Quest detail on world map","No complete marker behavior or current input tests"
"FE-045","torchlight2","F-QST-05","partial","TL2-13","Published town image distinguishes NPC question-mark and bag markers","Unversioned image; full map/minimap rules unknown"
"FE-046","d3_adventure","F-QST-07","partial","D3-32","Bounty selection and objective presentation","Repeat/reset/reward semantics unknown"
"FE-047","d3_campaign","F-ONB-01","partial","D3-28","Recorded creation and selected class context","No complete appearance options or comprehension proof"
"FE-048","idleon","F-ONB-01","partial","IDLE-09","Creation effects and class comparisons visible","No exact current promotion gate or complete appearance flow"
"FE-049","tbh","F-ONB-01","partial","TBH-10","Hero setup before equipment instruction","Full class/appearance surface and comprehension unknown"
"FE-050","d3_campaign","F-ONB-03","partial","D3-29","Contextual objective help appears in Campaign footage","No current trigger coverage or effectiveness proof"
"FE-051","tbh","F-ONB-03","partial","TBH-10|TBH-14","Equipment help and written slot prerequisite/navigation hint","Exact triggers and recovery effectiveness unknown"
"FE-052","poe1","F-ONB-03","partial","POE-03|POE-10","Progressive help documented; passive help visible","No discovery/comprehension or full trigger coverage"
"FE-053","poe2","F-ONB-03","partial","POE2-02|POE2-11","Versioned compatibility feedback and skill-context support suggestions","Not a tested current tutorial or comprehension result"
"FE-054","poe1","F-ONB-07","partial","POE-03","Historical help pages with integrated tutorials","Not a current complete help/FAQ atlas"
"FE-055","d3_campaign","F-WLD-03","partial","D3-29","Waypoint return step visible","Complete network,requirements and travel failure unknown"
"FE-056","d3_adventure","F-WLD-03","partial","D3-32","Cross-act waypoint map and reward summary visible","Current requirements and all destinations unknown"
"FE-057","poe1","F-ECO-01","partial","POE-14","Sale offer,expected payment and Accept/Cancel visible","Buyback and actual committed transaction unknown"
"FE-058","poe2","F-ECO-01","partial","POE2-14","Vendor price and compare/inspect context beside inventory","No actual purchase,sale,buyback or low-balance rejection tested"
"FE-059","torchlight2","F-ECO-01","partial","TL2-17","Context hints distinguish selling inventory and buying stock","No completed transaction or buyback proof"
"FE-060","d3_adventure","F-ECO-05","partial","D3-34","Jeweler rank,training reward and cost distinct from character level","Blacksmith/Mystic full growth and transactions unknown"
"FE-061","tbh","F-ECO-07","partial","TBH-03|TBH-08","Developer reports item-lock protection defects/fixes","Protection flag only; binding/trade rules and current safety unknown"
"FE-062","poe1","F-ECO-08","partial","POE-13","Stash tabs,ordering/search and paired inventory visible","Expansion cost/free entitlement/current limits unknown"
"FE-063","poe1","F-ECO-09","partial","POE-02","3.26 source explicitly describes gold and uses","Not a complete current currency set or economy design"
"FE-064","d3_campaign","F-ITM-01","partial","D3-13","Historical Loot2.0 affix categories and class-aware selection","Not a complete current per-slot pool"
"FE-065","d3_adventure","F-ITM-01","partial","D3-13","Historical Loot2.0 affix categories and class-aware selection","Not a complete current per-slot pool"
"FE-066","poe1","F-ITM-01","partial","POE-08","3.29 distinguishes legacy and newly obtainable items","Not a full per-slot affix pool"
"FE-067","poe2","F-ITM-01","partial","POE2-08","Tiered affixes distinguished from rarity/quantity","Not full current per-slot pools"
"FE-068","torchlight2","F-ITM-01","partial","TL2-11","Editor item data separates rarity weight and affix fields","No complete final per-slot pools"
"FE-069","d3_campaign","F-ITM-04","partial","D3-26","Blacksmith guide describes salvage to crafting materials","No complete recipe/cost/current transaction table"
"FE-070","d3_adventure","F-ITM-04","partial","D3-26","Blacksmith guide describes salvage to crafting materials","No complete recipe/cost/current transaction table"
"FE-071","idleon","F-ITM-04","partial","IDLE-10","Anvil crafting differs from production context","No complete current recipe,cost or consumption model"
"FE-072","tbh","F-ITM-04","partial","TBH-02|TBH-12","Cube customization,selected inputs and expected return","Complete recipe/cost/conservation and durable outcomes unknown"
"FE-073","poe1","F-ITM-04","partial","POE-08","3.29 source lists bench reroll changes","Not all recipes/costs or live consumption evidence"
"FE-074","poe1","F-ITM-06","partial","POE-01|POE-05|POE-11","Skill/support gem and equipment context; later socket colour change","Not Hearthfall stat gems or complete current acquisition"
"FE-075","poe2","F-ITM-06","partial","POE2-01|POE2-10|POE2-11|POE2-12","Distinct gem/support model with applicability,trade-offs and assignment","Historical one-copy text superseded; not PoE1 sockets or Hearthfall stat gems"
"FE-076","d3_campaign","F-ITM-08","partial","D3-27","Patch2.5.0 item tooltip exposes type and quality","No chat-link or current comparison interaction verified"
"FE-077","d3_adventure","F-ITM-08","partial","D3-27","Patch2.5.0 item tooltip exposes type and quality","No chat-link or current comparison interaction verified"
"FE-078","tbh","F-ITM-08","partial","TBH-13","Equipped/candidate tooltips and contextual item action","No chat links or complete input/error behavior established"
"FE-079","poe1","F-ITM-08","partial","POE-11","Gem/equipment details distinct from action-bar tooltip","Chat links and all compare/error interactions unknown"
"FE-080","poe2","F-ITM-08","partial","POE2-14","Vendor item tooltip names granted skill and comparison hint","No chat links or actual compare/error path verified"
"FE-081","torchlight2","F-ITM-08","partial","TL2-15|TL2-17","Candidate/equipped comparison and contextual actions","No chat links or actual equip/sale verified"
"FE-082","d3_adventure","F-ITM-09","partial","D3-34","Cube power collection visible separately from assignment/input","Not a complete legendary/set collection or acquisition proof"
"FE-083","torchlight2","F-ITM-10","partial","TL2-11|TL2-15","Item level,rarity weight and alternative equip requirements distinguished","No full base-tier curve or Hearthfall balance target"
"FE-084","poe1","F-SOC-01","partial","POE-07","Developer proposes explaining quest requirement blocking party entry","No complete invite/leave/kick/leader/frames implementation verified"
"FE-085","d3_adventure","F-END-02","partial","D3-32","Bounty map and target/count activity visible","No complete current bounty or reward model"
"FE-086","d3_campaign","F-END-04","partial","D3-30","Paragon preview shows investment and effects","Existing account bonuses exclude clean pacing"
"FE-087","torchlight2","F-MET-01","partial","TL2-05","Publisher backup guide includes separate shared-stash file","Does not establish online account ownership or shared currency"
"FE-088","idleon","F-MET-02","partial","IDLE-01|IDLE-12","Away-progress description and separate forecast/elapsed-return UI","Formula,cap,overflow,claim retries and ownership unverified"
"FE-089","idleon","F-MET-04","partial","IDLE-11","Cards show collection/enemy/drop information versus equipped cards","Not a full bestiary or current acquisition/benefit model"
"FE-090","torchlight2","F-MET-05","partial","TL2-02|TL2-16","Publisher describes pet town-selling; footage shows paired pet/character bags","No actual selling/input/persistence test or Hearthfall fit accepted"
"FE-091","idleon","F-MET-06","partial","IDLE-01","Publisher describes complementary multi-character roles","Slot entitlements and exact alt bonuses unknown"
"FE-092","tbh","F-MET-06","partial","TBH-05|TBH-14","Formation slots and rune prerequisites described/shown","Exact entitlements,account ownership and all bonuses unknown"
"FE-093","d3_adventure","F-LIV-03","partial","D3-06","Season40 announcement describes chapter set gifts","No actual completion/time or durable award verified"
"FE-094","tbh","F-LIV-05","partial","TBH-02","Publisher advertises Steam Marketplace trading","No auction architecture,economy outcome or in-game trade verified"
"FE-095","torchlight2","F-OPS-04","partial","TL2-05","Documented manual restore instructions","Not a personally executed reference-client restore drill"
"FE-096","diablo4","F-SET-03","partial","D4-03|D4-04","Documented audio cues and combat-text configuration","Versioned sources; other options and current input/error states unknown"
"FE-097","diablo4","F-ECO-07","partial","D4-05","Documented favorite protection","Not a full binding/consumption/restart audit"
"FE-098","diablo4","F-QST-02","partial","D4-01","Reported quest-state defects","Failure evidence only; server model,party and anti-exploit design unknown"
"FE-099","diablo4","F-ITM-04","partial","D4-02","Reported recipe-name correction","Not a recipe/material catalogue or transaction test"
"FE-100","maplestory","F-ONB-03","partial","MAP-01","Persistent job prompt and activity guidance","Class-specific flow and effectiveness unknown"
"FE-101","maplestory","F-WLD-01","partial","MAP-01","Level/context-based destinations with prerequisites","Not a complete zone chain or gate table"
"FE-102","lost_ark","F-SOC-09","partial","LA-01","Activity participation versus reward eligibility","Not all party rules or current scaling implementation"
"FE-103","lost_ark","F-WLD-04","partial","LA-01","Guardian activity entry and reward structure","Not a complete objective-dungeon specification"
"FE-104","vampire_survivors","F-CMB-06","partial","VS-01","Refundable between-run upgrades described","Not every reversal or a persistent-character respec model"
"FE-105","last_epoch","F-CMB-06","partial","LE-01","Skill respecialization recovery described","No current interface or all-subsystem refund audit"
"FE-106","last_epoch","F-CMB-03","partial","LE-01","Specialized skill-tree progression","Not full mastery/passive coverage or a proposed Hearthfall tree"
"FE-107","grim_dawn","F-CMB-03","partial","GD-01","Dual mastery and Devotion layers described","Legacy page; exact current constraints unknown"
"FE-108","grim_dawn","F-MON-05","partial","GD-01","Shrines linked to progression","No complete event content,trigger or reward rules"
"FE-109","torchlight_infinite","F-CMB-04","partial","TI-01","Promotional auto-casting medium","Post-story promotion; normal acquisition and per-slot rule control unknown"
"FE-110","hero_siege","F-CMB-03","partial","CASE-01","Publisher skill-subtree description","Not complete current tree or tested effects"
"FE-111","hero_siege","F-LIV-05","partial","CASE-01","Publisher marketplace description","No trade/fee/security/outcome verification"
"FE-112","hero_siege","F-ONB-07","partial","CASE-01","Mechanics journal advertised in registered source","Not an observed help interaction or usability study"
"FE-113","realm_of_the_mad_god","F-MET-05","partial","CASE-02","Pet development described","Current costs,loss scope and behavior untested"
"FE-114","realm_of_the_mad_god","F-SOC-07","partial","CASE-02","Guilds advertised in registered source","Not membership,permissions or durable shared-state tests"
"FE-115","wolcen","F-LIV-07","partial","CASE-03|CASE-04","Public service-lifetime announcement","Conflicting chronology; actual closure and patch pipeline unknown"
"FE-116","diablo_immortal","F-ECO-09","partial","IMM-01|IMM-02|IMM-03","Historical premium conversion and bundle criticism","Not a current economy or a proposal for paid currencies"
"FE-117","diablo_immortal","F-SOC-09","partial","IMM-04","Historical membership requirement revised","No complete party scaling or loot policy"
"FE-118","drakensang_online","F-QST-02","partial","DSO-01","Reported account/character correction mismatch","Incident only; server architecture and intent unverified"
"FE-119","drakensang_online","F-LIV-07","partial","DSO-03","Public delay and target announcement","Planned date is not verified delivery"
"FE-120","drakensang_online","F-OPS-07","partial","DSO-02","Public staged delivery-repair updates","No internal runbook or verified restitution"
"FE-121","old_school_runescape","F-ECO-02","partial","ECON-01","Currency and item sinks distinguished","No measured inflation result or copied tax target"
"FE-122","old_school_runescape","F-LIV-05","partial","ECON-01","Versioned exchange-offer rules","Full market,security and current behavior unknown"
"FE-123","old_school_runescape","F-LIV-04","partial","ECON-01","Trade-change reconfirmation in registered source","Does not prove secure atomic exchange"
"FE-124","world_of_warcraft","F-MET-01","partial","WOW-01|WOW-03","Distinct storage and currency scopes","Historical introduction; not one pooled wallet or backend guarantee"
"FE-125","world_of_warcraft","F-ECO-07","partial","WOW-02","Equip-time binding transition","Current exceptions and full trade policy unknown"
"FE-126","world_of_warcraft","F-ECO-08","partial","WOW-01","Separate character and shared storage","No adopted capacity,price or migration rule"
"FE-127","diablo2_resurrected","F-ITM-07","partial","D2R-01","Display filtering only","Auto-pickup/salvage and current input/error paths unknown"
"FE-128","diablo2_resurrected","F-ITM-09","partial","D2R-02","Collection history","Not current possession or tested durable rewards"
"FE-129","diablo2_resurrected","F-SAV-01","partial","D2R-03|D2R-04","Documented era conversion boundary","Does not establish save schema or safe migration implementation"
"FE-130","diablo2_resurrected","F-ECO-08","partial","D2R-04|D2R-05","Versioned shared-stash handling","Not general capacity rules or a Hearthfall expiry proposal"
"FE-131","diablo2_resurrected","F-LIV-01","partial","D2R-05","Historical seasonal rollover","Not current season policy or a verified framework"
