"feature_id","feature","d3_campaign","d3_adventure","idleon","tbh","poe1","poe2","torchlight2","diablo4","maplestory","lost_ark","vampire_survivors","last_epoch","grim_dawn","torchlight_infinite","hero_siege","realm_of_the_mad_god","wolcen","diablo_immortal","drakensang_online","old_school_runescape","world_of_warcraft","diablo2_resurrected"
"F-ACC-01","Account registration and login","Q","Q","Q","Q","Q","Q","Q","Q","Q","Q","Q","Q","Q","Q","Q","Q","Q","Q","Q","Q","Q","Q"
"F-ACC-02","Sessions, logout, login rate limits, lockout","Q","Q","Q","Q","Q","Q","Q","Q","Q","Q","Q","Q","Q","Q","Q","Q","Q","Q","Q","Q","Q","Q"
"F-ACC-03","Characters owned by accounts, stable IDs, character slots","Q","Q","FE-001","Q","Q","Q","Q","Q","Q","Q","Q","Q","Q","Q","Q","Q","Q","Q","Q","Q","Q","Q"
"F-ACC-04","Character select / create / delete (grace period) / rename","FE-002","Q","Q","FE-003","Q","Q","Q","Q","Q","Q","Q","Q","Q","Q","Q","Q","Q","Q","Q","Q","Q","Q"
"F-ACC-05","Account recovery without a paid mail service","Q","Q","Q","Q","Q","Q","Q","Q","Q","Q","Q","Q","Q","Q","Q","Q","Q","Q","Q","Q","Q","Q"
"F-ACC-06","Data export and deletion (GDPR)","Q","Q","Q","Q","Q","Q","Q","Q","Q","Q","Q","Q","Q","Q","Q","Q","Q","Q","Q","Q","Q","Q"
"F-ACC-07","Migration of existing name-keyed saves to accounts","Q","Q","Q","Q","Q","Q","Q","Q","Q","Q","Q","Q","Q","Q","Q","Q","Q","Q","Q","Q","Q","Q"
"F-SAV-01","Save schema version + forward migrations","Q","Q","Q","Q","Q","Q","Q","Q","Q","Q","Q","Q","Q","Q","Q","Q","Q","Q","Q","Q","Q","FE-129"
"F-SAV-02","Golden-save fixtures per version","Q","Q","Q","Q","Q","Q","Q","Q","Q","Q","Q","Q","Q","Q","Q","Q","Q","Q","Q","Q","Q","Q"
"F-SAV-03","Backup rotation + tested restore","Q","Q","Q","Q","Q","Q","FE-004","Q","Q","Q","Q","Q","Q","Q","Q","Q","Q","Q","Q","Q","Q","Q"
"F-SAV-04","Storage abstraction (JSON → DB per D-31)","Q","Q","Q","Q","Q","Q","Q","Q","Q","Q","Q","Q","Q","Q","Q","Q","Q","Q","Q","Q","Q","Q"
"F-SAV-05","Idempotent commands (client command IDs, replay safety)","Q","Q","Q","Q","Q","Q","Q","Q","Q","Q","Q","Q","Q","Q","Q","Q","Q","Q","Q","Q","Q","Q"
"F-SAV-06","Transactional multi-entity operations (trade, mail, crafting)","Q","Q","Q","Q","Q","Q","Q","Q","Q","Q","Q","Q","Q","Q","Q","Q","Q","Q","Q","Q","Q","Q"
"F-CON-01","Registries with stable IDs + schema validation + `content:check`","Q","Q","Q","Q","Q","Q","Q","Q","Q","Q","Q","Q","Q","Q","Q","Q","Q","Q","Q","Q","Q","Q"
"F-CON-02","Localization keys for all player-facing text","Q","Q","Q","Q","Q","Q","Q","Q","Q","Q","Q","Q","Q","Q","Q","Q","Q","Q","Q","Q","Q","Q"
"F-CON-03","Name / IP register + originality check","Q","Q","Q","Q","Q","Q","Q","Q","Q","Q","Q","Q","Q","Q","Q","Q","Q","Q","Q","Q","Q","Q"
"F-CON-04","Placeholder registry (label + removal condition)","Q","Q","Q","Q","Q","Q","Q","Q","Q","Q","Q","Q","Q","Q","Q","Q","Q","Q","Q","Q","Q","Q"
"F-CON-05","Dev hot-reload and data-diff tooling","Q","Q","Q","Q","Q","Q","Q","Q","Q","Q","Q","Q","Q","Q","Q","Q","Q","Q","Q","Q","Q","Q"
"F-CON-06","Content editors (zone, quest, dialogue)","Q","Q","Q","Q","Q","Q","FE-005","Q","Q","Q","Q","Q","Q","Q","Q","Q","Q","Q","Q","Q","Q","Q"
"F-SET-01","Settings panel: audio buses, graphics quality, UI scale","Q","Q","Q","Q","Q","Q","Q","Q","Q","Q","Q","Q","Q","Q","Q","Q","Q","Q","Q","Q","Q","Q"
"F-SET-02","Key rebinding + input abstraction layer","Q","FE-006","Q","Q","Q","Q","Q","Q","Q","Q","Q","Q","Q","Q","Q","Q","Q","Q","Q","Q","Q","Q"
"F-SET-03","Accessibility options (colour-safe rarity cues, reduced motion/shake/flash, text size, damage-number options)","Q","Q","FE-007","Q","Q","Q","Q","FE-096","Q","Q","Q","Q","Q","Q","Q","Q","Q","Q","Q","Q","Q","Q"
"F-SET-04","Per-account settings sync","Q","Q","Q","Q","Q","Q","Q","Q","Q","Q","Q","Q","Q","Q","Q","Q","Q","Q","Q","Q","Q","Q"
"F-SET-05","Language selection","Q","Q","Q","FE-008","Q","Q","Q","Q","Q","Q","Q","Q","Q","Q","Q","Q","Q","Q","Q","Q","Q","Q"
"F-TEL-01","`npm run verify` (one-command gate)","Q","Q","Q","Q","Q","Q","Q","Q","Q","Q","Q","Q","Q","Q","Q","Q","Q","Q","Q","Q","Q","Q"
"F-TEL-02","Bot harness metrics (kills/min, TTK, deaths, XP/h)","Q","Q","Q","Q","Q","Q","Q","Q","Q","Q","Q","Q","Q","Q","Q","Q","Q","Q","Q","Q","Q","Q"
"F-TEL-03","Drop / economy Monte-Carlo tools","Q","Q","Q","Q","Q","Q","Q","Q","Q","Q","Q","Q","Q","Q","Q","Q","Q","Q","Q","Q","Q","Q"
"F-TEL-04","Local event-log schema (privacy-respecting)","Q","Q","Q","Q","Q","Q","Q","Q","Q","Q","Q","Q","Q","Q","Q","Q","Q","Q","Q","Q","Q","Q"
"F-TEL-05","Funnel and session analytics views","Q","Q","Q","Q","Q","Q","Q","Q","Q","Q","Q","Q","Q","Q","Q","Q","Q","Q","Q","Q","Q","Q"
"F-TEL-06","Performance-budget checks (client fps, server tick)","Q","Q","Q","Q","Q","Q","Q","Q","Q","Q","Q","Q","Q","Q","Q","Q","Q","Q","Q","Q","Q","Q"
"F-TEL-07","Replay / determinism tests for combat","Q","Q","Q","Q","Q","Q","Q","Q","Q","Q","Q","Q","Q","Q","Q","Q","Q","Q","Q","Q","Q","Q"
"F-ADM-01","Debug commands off by default","Q","Q","Q","Q","Q","Q","Q","Q","Q","Q","Q","Q","Q","Q","Q","Q","Q","Q","Q","Q","Q","Q"
"F-ADM-02","Admin console (ban, mute, kick, announce, restore, grant)","Q","Q","Q","Q","Q","Q","Q","Q","Q","Q","Q","Q","Q","Q","Q","Q","Q","Q","Q","Q","Q","Q"
"F-ADM-03","Audit log of sensitive actions","Q","Q","Q","Q","Q","Q","Q","Q","Q","Q","Q","Q","Q","Q","Q","Q","Q","Q","Q","Q","Q","Q"
"F-ADM-04","Chat filter","Q","Q","Q","Q","Q","Q","Q","Q","Q","Q","Q","Q","Q","Q","Q","Q","Q","Q","Q","Q","Q","Q"
"F-ADM-05","Player report queue","Q","Q","Q","Q","Q","Q","Q","Q","Q","Q","Q","Q","Q","Q","Q","Q","Q","Q","Q","Q","Q","Q"
"F-ADM-06","Feature flags / config","Q","Q","Q","Q","Q","Q","Q","Q","Q","Q","Q","Q","Q","Q","Q","Q","Q","Q","Q","Q","Q","Q"
"F-CMB-01","Locked combat spec (auto-cast rules, resources, dash, statuses)","Q","Q","Q","FE-009","Q","Q","Q","Q","Q","Q","Q","Q","Q","Q","Q","Q","Q","Q","Q","Q","Q","Q"
"F-CMB-02","Skill unlock cadence redesign","FE-010","FE-011","Q","FE-012","Q","FE-013","FE-014","Q","Q","Q","Q","Q","Q","Q","Q","Q","Q","Q","Q","Q","Q","Q"
"F-CMB-03","Passives / talent system","FE-015","FE-016","FE-017","FE-018","FE-019","Q","Q","Q","Q","Q","Q","FE-106","FE-107","Q","FE-110","Q","Q","Q","Q","Q","Q","Q"
"F-CMB-04","Per-slot auto-cast rule customisation","Q","Q","Q","Q","Q","Q","Q","Q","Q","Q","Q","Q","Q","FE-109","Q","Q","Q","Q","Q","Q","Q","Q"
"F-CMB-05","Optional manual force-cast keys","Q","Q","Q","Q","Q","Q","Q","Q","Q","Q","Q","Q","Q","Q","Q","Q","Q","Q","Q","Q","Q","Q"
"F-CMB-06","Respec rules and costs","Q","Q","Q","FE-020","FE-021","Q","FE-022","Q","Q","Q","FE-104","FE-105","Q","Q","Q","Q","Q","Q","Q","Q","Q","Q"
"F-CMB-07","Combat feel pass with accessibility toggles","Q","Q","Q","Q","Q","Q","Q","Q","Q","Q","Q","Q","Q","Q","Q","Q","Q","Q","Q","Q","Q","Q"
"F-CMB-08","TTK / survivability targets + class-parity harness","Q","Q","Q","Q","Q","Q","Q","Q","Q","Q","Q","Q","Q","Q","Q","Q","Q","Q","Q","Q","Q","Q"
"F-CMB-09","Status-effect review (stun, freeze, chill, burn, bleed, poison, vulnerability)","Q","Q","Q","Q","Q","Q","Q","Q","Q","Q","Q","Q","Q","Q","Q","Q","Q","Q","Q","Q","Q","Q"
"F-SKL-01","Skill kit expansion per class","FE-023","FE-024","Q","Q","Q","Q","Q","Q","Q","Q","Q","Q","Q","Q","Q","Q","Q","Q","Q","Q","Q","Q"
"F-SKL-02","Rune / tier expansion","FE-025","FE-026","Q","Q","Q","Q","FE-027","Q","Q","Q","Q","Q","Q","Q","Q","Q","Q","Q","Q","Q","Q","Q"
"F-SKL-03","Passives content","FE-028","FE-029","FE-030","Q","Q","Q","Q","Q","Q","Q","Q","Q","Q","Q","Q","Q","Q","Q","Q","Q","Q","Q"
"F-SKL-04","Class identity pass (signature builds)","Q","Q","Q","Q","Q","Q","Q","Q","Q","Q","Q","Q","Q","Q","Q","Q","Q","Q","Q","Q","Q","Q"
"F-MON-01","Monster family expansion per zone","Q","Q","Q","Q","Q","Q","Q","Q","Q","Q","Q","Q","Q","Q","Q","Q","Q","Q","Q","Q","Q","Q"
"F-MON-02","Behaviour toolkit (telegraphs, charge, summon, shield, enrage)","Q","Q","Q","Q","Q","Q","Q","Q","Q","Q","Q","Q","Q","Q","Q","Q","Q","Q","Q","Q","Q","Q"
"F-MON-03","Boss framework (phases, adds, arenas, enrage)","Q","Q","Q","Q","Q","Q","Q","Q","Q","Q","Q","Q","Q","Q","Q","Q","Q","Q","Q","Q","Q","Q"
"F-MON-04","Elite affix expansion and combos","Q","Q","Q","Q","Q","Q","Q","Q","Q","Q","Q","Q","Q","Q","Q","Q","Q","Q","Q","Q","Q","Q"
"F-MON-05","Zone events (shrines, pylons, ambushes)","Q","Q","Q","Q","Q","Q","Q","Q","Q","Q","Q","Q","FE-108","Q","Q","Q","Q","Q","Q","Q","Q","Q"
"F-MON-06","Bestiary data","Q","Q","Q","Q","Q","Q","Q","Q","Q","Q","Q","Q","Q","Q","Q","Q","Q","Q","Q","Q","Q","Q"
"F-QST-01","Quest data model (objectives, triggers, rewards, prerequisites)","Q","Q","FE-031","Q","Q","FE-032","FE-033","Q","Q","Q","Q","Q","Q","Q","Q","Q","Q","Q","Q","Q","Q","Q"
"F-QST-02","Server quest state, party sharing, anti-exploit","Q","Q","Q","Q","Q","FE-034","Q","FE-098","Q","Q","Q","Q","Q","Q","Q","Q","Q","Q","FE-118","Q","Q","Q"
"F-QST-03","NPC dialogue system + UI","FE-035","Q","Q","Q","Q","FE-036","FE-037","Q","Q","Q","Q","Q","Q","Q","Q","Q","Q","Q","Q","Q","Q","Q"
"F-QST-04","Quest tracker HUD + journal panel","FE-038","FE-039","Q","Q","FE-040","FE-041","FE-042","Q","Q","Q","Q","Q","Q","Q","Q","Q","Q","Q","Q","Q","Q","Q"
"F-QST-05","World markers: NPC icons, minimap pins, map pins","Q","FE-043","Q","Q","FE-044","Q","FE-045","Q","Q","Q","Q","Q","Q","Q","Q","Q","Q","Q","Q","Q","Q","Q"
"F-QST-06","Campaign structure (acts/chapters) + zone gating","Q","Q","Q","Q","Q","Q","Q","Q","Q","Q","Q","Q","Q","Q","Q","Q","Q","Q","Q","Q","Q","Q"
"F-QST-07","Repeatable quests / bounties","Q","FE-046","Q","Q","Q","Q","Q","Q","Q","Q","Q","Q","Q","Q","Q","Q","Q","Q","Q","Q","Q","Q"
"F-QST-08","Lore codex + story presentation (text, camera pan)","Q","Q","Q","Q","Q","Q","Q","Q","Q","Q","Q","Q","Q","Q","Q","Q","Q","Q","Q","Q","Q","Q"
"F-ONB-01","Character creation v2 (class explainer, appearance)","FE-047","Q","FE-048","FE-049","Q","Q","Q","Q","Q","Q","Q","Q","Q","Q","Q","Q","Q","Q","Q","Q","Q","Q"
"F-ONB-02","First-session script (minutes 0–15)","Q","Q","Q","Q","Q","Q","Q","Q","Q","Q","Q","Q","Q","Q","Q","Q","Q","Q","Q","Q","Q","Q"
"F-ONB-03","Contextual hint system, progressive disclosure","FE-050","Q","Q","FE-051","FE-052","FE-053","Q","Q","FE-100","Q","Q","Q","Q","Q","Q","Q","Q","Q","Q","Q","Q","Q"
"F-ONB-04","Tutorial quest chain with scripted first encounters","Q","Q","Q","Q","Q","Q","Q","Q","Q","Q","Q","Q","Q","Q","Q","Q","Q","Q","Q","Q","Q","Q"
"F-ONB-05","Early loot beats (guaranteed first upgrade)","Q","Q","Q","Q","Q","Q","Q","Q","Q","Q","Q","Q","Q","Q","Q","Q","Q","Q","Q","Q","Q","Q"
"F-ONB-06","Funnel instrumentation + fresh-player test kit","Q","Q","Q","Q","Q","Q","Q","Q","Q","Q","Q","Q","Q","Q","Q","Q","Q","Q","Q","Q","Q","Q"
"F-ONB-07","Help / FAQ panel v2","Q","Q","Q","Q","FE-054","Q","Q","Q","Q","Q","Q","Q","Q","Q","FE-112","Q","Q","Q","Q","Q","Q","Q"
"F-WLD-01","Zone chain with real level bands and gating","Q","Q","Q","Q","Q","Q","Q","Q","FE-101","Q","Q","Q","Q","Q","Q","Q","Q","Q","Q","Q","Q","Q"
"F-WLD-02","Zone authoring pipeline (layout, props, spawns, landmarks)","Q","Q","Q","Q","Q","Q","Q","Q","Q","Q","Q","Q","Q","Q","Q","Q","Q","Q","Q","Q","Q","Q"
"F-WLD-03","Waypoint network + world map screen","FE-055","FE-056","Q","Q","Q","Q","Q","Q","Q","Q","Q","Q","Q","Q","Q","Q","Q","Q","Q","Q","Q","Q"
"F-WLD-04","Objective dungeons","Q","Q","Q","Q","Q","Q","Q","Q","Q","FE-103","Q","Q","Q","Q","Q","Q","Q","Q","Q","Q","Q","Q"
"F-WLD-05","Ambient life and zone audio","Q","Q","Q","Q","Q","Q","Q","Q","Q","Q","Q","Q","Q","Q","Q","Q","Q","Q","Q","Q","Q","Q"
"F-WLD-06","Town upgrades as systems land","Q","Q","Q","Q","Q","Q","Q","Q","Q","Q","Q","Q","Q","Q","Q","Q","Q","Q","Q","Q","Q","Q"
"F-WLD-07","Weather / time of day","Q","Q","Q","Q","Q","Q","Q","Q","Q","Q","Q","Q","Q","Q","Q","Q","Q","Q","Q","Q","Q","Q"
"F-WLD-08","Channel / instance management","Q","Q","Q","Q","Q","Q","Q","Q","Q","Q","Q","Q","Q","Q","Q","Q","Q","Q","Q","Q","Q","Q"
"F-ECO-01","General vendor (buy / sell / buyback)","Q","Q","Q","Q","FE-057","FE-058","FE-059","Q","Q","Q","Q","Q","Q","Q","Q","Q","Q","Q","Q","Q","Q","Q"
"F-ECO-02","Gold source/sink audit and tuning","Q","Q","Q","Q","Q","Q","Q","Q","Q","Q","Q","Q","Q","Q","Q","Q","Q","Q","Q","FE-121","Q","Q"
"F-ECO-03","Repair / durability","Q","Q","Q","Q","Q","Q","Q","Q","Q","Q","Q","Q","Q","Q","Q","Q","Q","Q","Q","Q","Q","Q"
"F-ECO-04","Consumables","Q","Q","Q","Q","Q","Q","Q","Q","Q","Q","Q","Q","Q","Q","Q","Q","Q","Q","Q","Q","Q","Q"
"F-ECO-05","Artisan identities / leveling (Blacksmith, Jeweler, Mystic)","Q","FE-060","Q","Q","Q","Q","Q","Q","Q","Q","Q","Q","Q","Q","Q","Q","Q","Q","Q","Q","Q","Q"
"F-ECO-06","Gamble vendor","Q","Q","Q","Q","Q","Q","Q","Q","Q","Q","Q","Q","Q","Q","Q","Q","Q","Q","Q","Q","Q","Q"
"F-ECO-07","Binding rules and item flags","Q","Q","Q","FE-061","Q","Q","Q","FE-097","Q","Q","Q","Q","Q","Q","Q","Q","Q","Q","Q","Q","FE-125","Q"
"F-ECO-08","Stash expansion / tabs","Q","Q","Q","Q","FE-062","Q","Q","Q","Q","Q","Q","Q","Q","Q","Q","Q","Q","Q","Q","Q","FE-126","FE-130"
"F-ECO-09","Currency set design","Q","Q","Q","Q","FE-063","Q","Q","Q","Q","Q","Q","Q","Q","Q","Q","Q","Q","FE-116","Q","Q","Q","Q"
"F-ECO-10","Economy dashboards","Q","Q","Q","Q","Q","Q","Q","Q","Q","Q","Q","Q","Q","Q","Q","Q","Q","Q","Q","Q","Q","Q"
"F-ITM-01","Affix pool expansion / per-slot rules","FE-064","FE-065","Q","Q","FE-066","FE-067","FE-068","Q","Q","Q","Q","Q","Q","Q","Q","Q","Q","Q","Q","Q","Q","Q"
"F-ITM-02","Legendary powers per class and build","Q","Q","Q","Q","Q","Q","Q","Q","Q","Q","Q","Q","Q","Q","Q","Q","Q","Q","Q","Q","Q","Q"
"F-ITM-03","Set catalogue (2/4/6) per class","Q","Q","Q","Q","Q","Q","Q","Q","Q","Q","Q","Q","Q","Q","Q","Q","Q","Q","Q","Q","Q","Q"
"F-ITM-04","Crafting recipes + materials","FE-069","FE-070","FE-071","FE-072","FE-073","Q","Q","FE-099","Q","Q","Q","Q","Q","Q","Q","Q","Q","Q","Q","Q","Q","Q"
"F-ITM-05","Transmog / appearance slots","Q","Q","Q","Q","Q","Q","Q","Q","Q","Q","Q","Q","Q","Q","Q","Q","Q","Q","Q","Q","Q","Q"
"F-ITM-06","Gems / socketables expansion","Q","Q","Q","Q","FE-074","FE-075","Q","Q","Q","Q","Q","Q","Q","Q","Q","Q","Q","Q","Q","Q","Q","Q"
"F-ITM-07","Loot filter + auto-pickup / auto-salvage rules","Q","Q","Q","Q","Q","Q","Q","Q","Q","Q","Q","Q","Q","Q","Q","Q","Q","Q","Q","Q","Q","FE-127"
"F-ITM-08","Item compare, tooltips v2, item links in chat","FE-076","FE-077","Q","FE-078","FE-079","FE-080","FE-081","Q","Q","Q","Q","Q","Q","Q","Q","Q","Q","Q","Q","Q","Q","Q"
"F-ITM-09","Collection codex (legendaries, sets)","Q","FE-082","Q","Q","Q","Q","Q","Q","Q","Q","Q","Q","Q","Q","Q","Q","Q","Q","Q","Q","Q","FE-128"
"F-ITM-10","Item-level and base-tier curve review","Q","Q","Q","Q","Q","Q","FE-083","Q","Q","Q","Q","Q","Q","Q","Q","Q","Q","Q","Q","Q","Q","Q"
"F-SOC-01","Party (invite, leave, kick, leader) + party frames","Q","Q","Q","Q","FE-084","Q","Q","Q","Q","Q","Q","Q","Q","Q","Q","Q","Q","Q","Q","Q","Q","Q"
"F-SOC-02","Friends list + presence","Q","Q","Q","Q","Q","Q","Q","Q","Q","Q","Q","Q","Q","Q","Q","Q","Q","Q","Q","Q","Q","Q"
"F-SOC-03","Whispers and chat channels (party, guild, trade/LFG)","Q","Q","Q","Q","Q","Q","Q","Q","Q","Q","Q","Q","Q","Q","Q","Q","Q","Q","Q","Q","Q","Q"
"F-SOC-04","Block / mute / report","Q","Q","Q","Q","Q","Q","Q","Q","Q","Q","Q","Q","Q","Q","Q","Q","Q","Q","Q","Q","Q","Q"
"F-SOC-05","Emotes, titles, nameplates","Q","Q","Q","Q","Q","Q","Q","Q","Q","Q","Q","Q","Q","Q","Q","Q","Q","Q","Q","Q","Q","Q"
"F-SOC-06","Inspect / armory","Q","Q","Q","Q","Q","Q","Q","Q","Q","Q","Q","Q","Q","Q","Q","Q","Q","Q","Q","Q","Q","Q"
"F-SOC-07","Guilds / clans","Q","Q","Q","Q","Q","Q","Q","Q","Q","Q","Q","Q","Q","Q","Q","FE-114","Q","Q","Q","Q","Q","Q"
"F-SOC-08","Group finder","Q","Q","Q","Q","Q","Q","Q","Q","Q","Q","Q","Q","Q","Q","Q","Q","Q","Q","Q","Q","Q","Q"
"F-SOC-09","Party scaling and loot-rule review","Q","Q","Q","Q","Q","Q","Q","Q","Q","FE-102","Q","Q","Q","Q","Q","Q","Q","FE-117","Q","Q","Q","Q"
"F-SOC-10","Mail","Q","Q","Q","Q","Q","Q","Q","Q","Q","Q","Q","Q","Q","Q","Q","Q","Q","Q","Q","Q","Q","Q"
"F-END-01","Timed rifts with ranks and keystones","Q","Q","Q","Q","Q","Q","Q","Q","Q","Q","Q","Q","Q","Q","Q","Q","Q","Q","Q","Q","Q","Q"
"F-END-02","Bounties (adventure layer)","Q","FE-085","Q","Q","Q","Q","Q","Q","Q","Q","Q","Q","Q","Q","Q","Q","Q","Q","Q","Q","Q","Q"
"F-END-03","Torment gating and rewards","Q","Q","Q","Q","Q","Q","Q","Q","Q","Q","Q","Q","Q","Q","Q","Q","Q","Q","Q","Q","Q","Q"
"F-END-04","Paragon pacing and UI review","FE-086","Q","Q","Q","Q","Q","Q","Q","Q","Q","Q","Q","Q","Q","Q","Q","Q","Q","Q","Q","Q","Q"
"F-END-05","Server-authoritative leaderboards","Q","Q","Q","Q","Q","Q","Q","Q","Q","Q","Q","Q","Q","Q","Q","Q","Q","Q","Q","Q","Q","Q"
"F-END-06","World boss / event","Q","Q","Q","Q","Q","Q","Q","Q","Q","Q","Q","Q","Q","Q","Q","Q","Q","Q","Q","Q","Q","Q"
"F-END-07","Set dungeons / challenges","Q","Q","Q","Q","Q","Q","Q","Q","Q","Q","Q","Q","Q","Q","Q","Q","Q","Q","Q","Q","Q","Q"
"F-END-08","Primal / ancient chase tuning","Q","Q","Q","Q","Q","Q","Q","Q","Q","Q","Q","Q","Q","Q","Q","Q","Q","Q","Q","Q","Q","Q"
"F-END-09","Final campaign boss + ending","Q","Q","Q","Q","Q","Q","Q","Q","Q","Q","Q","Q","Q","Q","Q","Q","Q","Q","Q","Q","Q","Q"
"F-MET-01","Account-wide stash and shared currencies","Q","Q","Q","Q","Q","Q","FE-087","Q","Q","Q","Q","Q","Q","Q","Q","Q","Q","Q","Q","Q","FE-124","Q"
"F-MET-02","Offline / AFK evolution","Q","Q","FE-088","Q","Q","Q","Q","Q","Q","Q","Q","Q","Q","Q","Q","Q","Q","Q","Q","Q","Q","Q"
"F-MET-03","Account achievements and titles","Q","Q","Q","Q","Q","Q","Q","Q","Q","Q","Q","Q","Q","Q","Q","Q","Q","Q","Q","Q","Q","Q"
"F-MET-04","Collections / bestiary","Q","Q","FE-089","Q","Q","Q","Q","Q","Q","Q","Q","Q","Q","Q","Q","Q","Q","Q","Q","Q","Q","Q"
"F-MET-05","Pets / companions as a system","Q","Q","Q","Q","Q","Q","FE-090","Q","Q","Q","Q","Q","Q","Q","Q","FE-113","Q","Q","Q","Q","Q","Q"
"F-MET-06","Character slots + alt bonuses","Q","Q","FE-091","FE-092","Q","Q","Q","Q","Q","Q","Q","Q","Q","Q","Q","Q","Q","Q","Q","Q","Q","Q"
"F-MET-07","Expeditions / jobs for alts","Q","Q","Q","Q","Q","Q","Q","Q","Q","Q","Q","Q","Q","Q","Q","Q","Q","Q","Q","Q","Q","Q"
"F-LIV-01","Season framework","Q","Q","Q","Q","Q","Q","Q","Q","Q","Q","Q","Q","Q","Q","Q","Q","Q","Q","Q","Q","Q","FE-131"
"F-LIV-02","Event scheduler","Q","Q","Q","Q","Q","Q","Q","Q","Q","Q","Q","Q","Q","Q","Q","Q","Q","Q","Q","Q","Q","Q"
"F-LIV-03","Season journey / objectives","Q","FE-093","Q","Q","Q","Q","Q","Q","Q","Q","Q","Q","Q","Q","Q","Q","Q","Q","Q","Q","Q","Q"
"F-LIV-04","Secure P2P trade window","Q","Q","Q","Q","Q","Q","Q","Q","Q","Q","Q","Q","Q","Q","Q","Q","Q","Q","Q","FE-123","Q","Q"
"F-LIV-05","Market / auction","Q","Q","Q","FE-094","Q","Q","Q","Q","Q","Q","Q","Q","Q","Q","FE-111","Q","Q","Q","Q","FE-122","Q","Q"
"F-LIV-06","Patch / hotfix pipeline + version gating","Q","Q","Q","Q","Q","Q","Q","Q","Q","Q","Q","Q","Q","Q","Q","Q","Q","Q","Q","Q","Q","Q"
"F-LIV-07","Public roadmap and patch notes","Q","Q","Q","Q","Q","Q","Q","Q","Q","Q","Q","Q","Q","Q","Q","Q","FE-115","Q","FE-119","Q","Q","Q"
"F-OPS-01","Load tests (bot swarm)","Q","Q","Q","Q","Q","Q","Q","Q","Q","Q","Q","Q","Q","Q","Q","Q","Q","Q","Q","Q","Q","Q"
"F-OPS-02","Multi-process zone workers / gateway","Q","Q","Q","Q","Q","Q","Q","Q","Q","Q","Q","Q","Q","Q","Q","Q","Q","Q","Q","Q","Q","Q"
"F-OPS-03","Observability: metrics, logs, alerts","Q","Q","Q","Q","Q","Q","Q","Q","Q","Q","Q","Q","Q","Q","Q","Q","Q","Q","Q","Q","Q","Q"
"F-OPS-04","Backup / restore drills","Q","Q","Q","Q","Q","Q","FE-095","Q","Q","Q","Q","Q","Q","Q","Q","Q","Q","Q","Q","Q","Q","Q"
"F-OPS-05","Security hardening + dependency audit","Q","Q","Q","Q","Q","Q","Q","Q","Q","Q","Q","Q","Q","Q","Q","Q","Q","Q","Q","Q","Q","Q"
"F-OPS-06","DDoS / abuse basics","Q","Q","Q","Q","Q","Q","Q","Q","Q","Q","Q","Q","Q","Q","Q","Q","Q","Q","Q","Q","Q","Q"
"F-OPS-07","Incident runbooks","Q","Q","Q","Q","Q","Q","Q","Q","Q","Q","Q","Q","Q","Q","Q","Q","Q","Q","FE-120","Q","Q","Q"
"F-PLT-01","Browser matrix + low-spec mode","Q","Q","Q","Q","Q","Q","Q","Q","Q","Q","Q","Q","Q","Q","Q","Q","Q","Q","Q","Q","Q","Q"
"F-PLT-02","Localization (languages per D-38)","Q","Q","Q","Q","Q","Q","Q","Q","Q","Q","Q","Q","Q","Q","Q","Q","Q","Q","Q","Q","Q","Q"
"F-PLT-03","Privacy policy, terms, consent","Q","Q","Q","Q","Q","Q","Q","Q","Q","Q","Q","Q","Q","Q","Q","Q","Q","Q","Q","Q","Q","Q"
"F-PLT-04","Age rating + consumer-law review","Q","Q","Q","Q","Q","Q","Q","Q","Q","Q","Q","Q","Q","Q","Q","Q","Q","Q","Q","Q","Q","Q"
"F-PLT-05","Steam wrapper, cloud save, achievements","Q","Q","Q","Q","Q","Q","Q","Q","Q","Q","Q","Q","Q","Q","Q","Q","Q","Q","Q","Q","Q","Q"
"F-PLT-06","Controller / Steam Deck input","Q","Q","Q","Q","Q","Q","Q","Q","Q","Q","Q","Q","Q","Q","Q","Q","Q","Q","Q","Q","Q","Q"
"F-PLT-07","Store assets (original)","Q","Q","Q","Q","Q","Q","Q","Q","Q","Q","Q","Q","Q","Q","Q","Q","Q","Q","Q","Q","Q","Q"
"F-PLT-08","Project-wide licence + IP/naming audit","Q","Q","Q","Q","Q","Q","Q","Q","Q","Q","Q","Q","Q","Q","Q","Q","Q","Q","Q","Q","Q","Q"
