"id","game","url","type","content_version","sections_read","limits","retrieved","reviewer"
"D3-ACT-W","Diablo III","https://eu.diablo3.blizzard.com/en-us/class/wizard/active/","primary guide","undated live guide","active skill list","No patch stamp; not an observed playthrough","2026-10-09","Codex (solo)"
"D3-ACT-B","Diablo III","https://eu.diablo3.blizzard.com/en-us/class/barbarian/active/","primary guide","undated live guide","active skill list","No patch stamp; same publisher as other D3 guides","2026-10-09","Codex (solo)"
"D3-PROG-W","Diablo III","https://eu.diablo3.blizzard.com/en-us/class/wizard/progression","primary guide","undated live guide","progression levels 1 through 42","Partial read; ability availability does not prove equipped-slot unlocks","2026-10-09","Codex (solo)"
"D3-PROG-B","Diablo III","https://eu.diablo3.blizzard.com/en-us/class/barbarian/progression","primary guide","undated live guide","progression levels 1 through 48","Partial read; ability availability does not prove equipped-slot unlocks","2026-10-09","Codex (solo)"
"D3-274","Diablo III","https://news.blizzard.com/en-gb/article/23816414/season-27-lights-calling-preview","primary patch announcement","2.7.4 / Season 27 (2022)","General Updates and Haedrig's Gift","Historical announcement; current 2026 patch not established","2026-10-09","Codex (solo)"
"IDLE-SITE","Idleon","https://www.legendsofidleon.com/","developer marketing","undated live page","game overview","Marketing; class-count taxonomy not verified","2026-10-09","Codex (solo)"
"IDLE-STORE","Idleon","https://store.steampowered.com/app/1476970/IdleOn__The_Idle_RPG/","publisher store","live store / 1.0 release listed 2025-11-06","release metadata and About This Game","No current build number; character/class wording ambiguous","2026-10-09","Codex (solo)"
"IDLE-W1","Idleon","https://www.digitaltq.com/wiki/idleon/world-1-guide-blunder-hills","secondary guide","dated 2026-04-07; no build stamp","World 1 progression and activities","Not developer authored; advice and time estimates not measured here","2026-10-09","Codex (solo)"
"IDLE-QUESTS","Idleon","https://idleon.guide/world-1-quests/","secondary guide","undated live guide","Scripticus and Promotheus quest tables","Patch and independence from other guides unresolved","2026-10-09","Codex (solo)"
"TBH-STORE","Task Bar Hero","https://store.steampowered.com/app/3678970/TBH__Task_Bar_Hero/","publisher store","release listed 2026-05-27; live description","release metadata and About This Game","Marketing is not telemetry or closed-client reward measurement","2026-10-09","Codex (solo)"
"TBH-PATCH","Task Bar Hero","https://steamcommunity.com/app/3678970/allnews/?l=english","developer announcements","September 2026; 1.2.4 through 1.2.8 and October/November plan","dated September posts including lock fixes and chest changes","Rolling feed; latest available build not independently confirmed; plans not releases","2026-10-09","Codex (solo)"
"POE-OVERVIEW","Path of Exile 1","https://www.pathofexile.com/game","developer overview","undated legacy overview","skills/items/passives/currency sections","No-gold sentence superseded; do not assume whole page current","2026-10-09","Codex (solo)"
"POE-326","Path of Exile 1","https://www.pathofexile.com/forum/view-thread/3787013","primary patch notes","3.26.0","Settlers becoming core / gold / currency exchange","Historical patch; not a declaration of latest 2026 version","2026-10-09","Codex (solo)"
"POE-300","Path of Exile 1","https://www.pathofexile.com/forum/view-thread/1930316/filter-account-type/staff","primary patch notes","3.0.0 (2017)","Major New Content and Features","Historical help-system introduction; no retention outcomes","2026-10-09","Codex (solo)"
"POE2-030","Path of Exile 2","https://www.pathofexile.com/forum/view-thread/3826682/filter-account-type/staff","primary patch notes","Early Access 0.3.0","Support Gem System Overhaul","Historical rules; current build and first-session flow not verified","2026-10-09","Codex (solo)"
"TL2-DEV","Torchlight II","https://www.runicgames.com/blog/2012/07/17/travis-with-some-torchlight-ii-updates/","developer blog","2012-07-17 pre-release","skill unlocks/tiers and encounter-polish discussion","Explicitly subject to change; final PC numbers need corroboration","2026-10-09","Codex (solo)"
"TL2-STORE","Torchlight II","https://store.steampowered.com/app/200710/Torchlight_II/","publisher PC store","live undated description","Key Features / pets / New Game Plus","No build stamp; no numerical balance formulas","2026-10-09","Codex (solo)"
"TL2-CONSOLE","Torchlight II","https://www.arcgames.com/de/corp-news/detail/11319233-post-launch-patch-2-quality-of-life-update-notes","publisher patch notes","2019-12-02 console update","entire announcement","Console only; not evidence of base PC respec rules","2026-10-09","Codex (solo)"
"UX-CHI12","Cross-game onboarding","https://grail.cs.washington.edu/projects/game-abtesting/chi2012/chi2012.pdf","primary research paper","CHI 2012","abstract; study design; Table 3; discussion/conclusion","Three games unlike an auto-cast ARPG; demographic and self-selection limits","2026-10-09","Codex (solo)"
"HF-AUDIT","Hearthfall","docs/design/baseline-audit.ts","local reproducible audit","11491cf plus camera-only rollback","entire script; reproduced output 2026-10-09","Read ROADMAP_ERRATA.md; simulation assumptions are not measured session time","2026-10-09","Codex (solo)"
