"id","game","screen","purpose","entry_hotkey","data_shown_V","interactions_limits","empty_error_states","density","pattern_P","source_ids","media_ids"
"UI-D3-01","Diablo III","Crafting materials","Review stored crafting resources","Article describes anvil near inventory gold; not clicked","Category headings; icon, written name and count on each row; inventory context behind","Close icon and category controls visible; behavior not tested","No empty category, overflow or server error observed","Vertical list; clear column alignment; underlying inventory deliberately blurred in source","P: keep resource identity and quantity adjacent; no new material system or panel redesign","D3-250-UI","D3-V-MATERIALS"
"UI-D3-02","Diablo III","Item tooltip","Inspect one equipment item","Unobserved","Name; written quality/type/class; large armor value; primary/secondary groups; three empty socket rows; requirements/binding","No pointer, comparison key or equip action established","Empty sockets visible; invalid equip, full bag and comparison states absent","Layered heading/value/body hierarchy in a narrow cropped panel","P: audit our tooltip hierarchy and explicit restrictions; no copied item names, stat targets or styling","D3-250-UI","D3-V-TOOLTIP"
"UI-D3-03","Diablo III","Armory plus inventory","Review or change a saved build","Article identifies Armory; actual opening input unobserved","Left Armory, right paperdoll/bag, center world and lower HUD in one observed animation frame","Article documents build swaps; no live interaction performed","Missing gear, full bag, failed swap and empty preset unobserved","Two side panels preserve a center world strip;550x309 source prevents detailed text audit","P: inspect future multi-panel conflicts using existing Hearthfall styling; no loadout implementation from a GIF","D3-250-UI","D3-V-ARMORY"
"UI-TBH-01","Task Bar Hero","Compact combat strip","Keep ongoing combat visible alongside desktop tasks","Unobserved","Characters, small health bars and chest/reward bubbles at desktop bottom","No combat input or resize operation performed","Hidden/minimized/client-closed states unobserved","Compact gameplay strip; large white arrow is a promotional annotation, not verified game UI","P: separate glance information from deeper inspection; does not justify desktop-overlay conversion","TBH-UI-GALLERY","TBH-V00;TBH-V01;TBH-V02;TBH-V04"
"UI-TBH-02","Task Bar Hero","Hero / equipment / bag","Inspect equipment and team","Inventory/Formation text tabs visible; opening key unknown","Portrait/level; equipment slots;7x3 visible bag cells; padlock and red-X overlays","Tabs and small action icons visible; selection, drag, equip and protection semantics untested","Empty bag cells and locked small slots visible; tooltip causes not established","Equipment above bag; larger pane separate from compact combat","P: distinguish equipped, bag and locked states in tests;21 shown cells are not our capacity target or proof of maximum TBH capacity","TBH-UI-GALLERY","TBH-V00;TBH-V01;TBH-V04"
"UI-TBH-03","Task Bar Hero","Status / skills","Review character statistics and investment","Cross-like navigation icon visible; input not tested","Stats, point total, per-skill rank fractions and vertical tier labels beside skill groups","No purchase/refund interaction performed","Zero available points visible; cannot establish why each skill is unavailable","Statistics above grouped skill rows; appears beside Hero and Portal","P: retain the distinction between available points, invested rank and unlock condition","TBH-UI-GALLERY","TBH-V01"
"UI-TBH-04","Task Bar Hero","Portal","Choose an act and location","Portal pane already open","Difficulty selector, three Act tabs, named map, numbered route nodes and selected flag","Selectors/nodes visible; travel and prerequisites untested","One padlock marker shown; failure behavior unknown","Progress route fills separate panel without covering the combat strip","P: test whether our future route UI explains current location and availability; no act-count or linear-map decision","TBH-UI-GALLERY","TBH-V01"
"UI-TBH-05","Task Bar Hero","Cube with item tooltip","Review crafting inputs and item detail","Cube pane already open","3x3 input grid; selectors; fill/action controls; checkbox; explanatory text; neighboring item tooltip","Ukrainian labels and controls visible; no translated recipe contract adopted and no craft performed","Mostly empty grid visible; invalid/locked input and insufficient-cost states unobserved","Hero, tooltip and Cube coexist; dense multi-pane presentation","P: inspect input eligibility, preview and protected-item behavior separately; no nine-item recipe or cost copied","TBH-UI-GALLERY","TBH-V04"
"UI-IDLE-01","Idleon","World HUD and attack strip","Inspect resources and reach main systems","Bottom labeled controls; no opening input tested","Class/level; numerical HP/MP/XP; Auto Off; Attacks; Items; Talents; Codex; Map; Players; Menu in V01/02. Attack icons replace right-side labels in V04","Only static alternatives observed; no proof of which action changes the strip","Empty/error/AFK-return states unobserved","Persistent bottom row; icon plus word labels; high-level world effects and damage text may compete","P: verify labels and numeric formatting at high values; not a first-session layout or our target progression scale","IDLE-UI-GALLERY","IDLE-V01;IDLE-V02;IDLE-V04"
"UI-IDLE-02","Idleon","Boss / earned-bonus presentation","Inspect encounter and progress information","Unobserved","Top enemy bar; separate upper-right earned-bonus summary in V02; floating numbers","No reward, boss death or bonus collection performed","Defeat, failed condition and reward persistence unobserved","World, bottom resources and prominent encounter/bonus elements coexist","P: separate encounter health from earned-progress feedback; no numerical bonus copied","IDLE-UI-GALLERY","IDLE-V02;IDLE-V04"
"UI-IDLE-03","Idleon","Construction / cogs","Review placements and contributions","Build/Cogs controls visible; no key observed","Left shelf/page and aggregate rates; center placement grid; right character rates/levels; flag status and Exit","Placement, trash and shelf controls visible; none executed","Empty board cells visible; lock and invalid-placement behavior unknown","Three information regions with local aggregate and individual summaries; source960x540","P: for a future account system distinguish totals from per-character contributions; not approval to add construction","IDLE-UI-GALLERY","IDLE-V05"
"UI-TL2-01","Torchlight II PC gallery","World HUD","Inspect resources, shortcuts and companion status","Lower shortcut labels1–5 and Q/W/E/R/T visible; defaults unverified","Paw/resource group upper-left; zone label upper-right; side icons; lower red/blue orbs and central shortcut strip","No shortcuts, pet commands or panels tested","Several empty shortcut slots and partly depleted red orb visible","Large world area with edge controls; sources1680x1050, not1080p","P: check empty slots and companion feedback in our own systems; do not replace our keymap or camera","TL2-UI-GALLERY","TL2-V00;TL2-V01;TL2-V02"
"UI-TL2-02","Torchlight II PC gallery","Physical NPC markers","Distinguish nearby interactable roles","Question-mark and bag markers over different NPCs","Town NPC markers plus unchanged world HUD","No interaction or completed service observed","Unavailable NPC, wrong range and failed trade states absent","Small world-space symbols close to their subjects","P: inspect our existing NPC role/range cues; frozen town remains untouched","TL2-UI-GALLERY","TL2-V01"
"UI-POE1-01","Path of Exile 1","World action/resource HUD","Inspect resources and assigned actions","Five numbered flask icons and skill key labels visible; actual bindings untested","Red/blue corner orbs; five flask positions lower-left; skills lower-right; center-bottom gauge in V00/01 only","No flasks, skill binding or gauge input exercised","Empty/unavailable/recovery behavior unobserved","Corner groups preserve central world; additional central gauge varies by example","P: separate consumables, actions and temporary mechanics; no flask count or gauge system adopted","POE1-UI-GALLERY","POE1-V00;POE1-V01;POE1-V09"
"UI-POE1-02","Path of Exile 1","Status badges","Inspect active effects","Unobserved","Upper-left icons, some count labels and0:10 text","No hover, expiry or removal observed","Countdown reaching zero and overlapping-tooltip states absent","Compact row with icon-specific supplementary text","P: inspect whether current effects need identity, stack or duration feedback; static labels do not establish timing","POE1-UI-GALLERY","POE1-V01;POE1-V09"
"UI-POE2-01","Path of Exile 2","Terrain-node map","Overview of connected locations","Unobserved","Terrain, colored node markers and dotted connections; no readable legend","No selection, route traversal or unlock tested","Unavailable/failed destination states unknown","Map dominates frame; no ordinary combat HUD visible","P: keep connectivity and status as separate research questions; no atlas system or color-only navigation adopted","POE2-UI-GALLERY","POE2-V00"
"UI-POE2-02","Path of Exile 2","Symbol-combination list","Review displayed combinations and named outputs","List already open; top information/list icons visible","Four visible rows of symbol sequences and named outputs at left; matching-looking symbol row top-center; world/HUD remain","No symbol selection or recipe execution performed","Wrong sequence, failed craft and missing input states absent","Panel occupies left portion while center/right world remains visible","P: inspect whether existing recipes explain inputs and outputs together; no copied symbols or recipe rules","POE2-UI-GALLERY","POE2-V01"
"UI-POE2-03","Path of Exile 2","Boss and player HUD","Distinguish enemy status from player actions/resources","Skill key labels visible; no input tested","Named top-center enemy bar with status icons and some percentages; player badges upper-left; two flask-shaped icons lower-left; skills lower-right","No boss phase, effect tooltip or flask action observed","Death, missing target, status expiry and low-resource response unobserved","Enemy detail near top bar; player resources stay in lower corners","P: audit target/player information separation; do not infer effect formulas from displayed percentages","POE2-UI-GALLERY","POE2-V02;POE2-V03"
