"definition","group","file","text","reference","result"
"bases.axe.names.0","items","shared/src/data/items.ts","Hand Axe","","not_compared"
"bases.axe.names.1","items","shared/src/data/items.ts","Hatchet","","not_compared"
"bases.axe.names.2","items","shared/src/data/items.ts","War Axe","","not_compared"
"bases.axe.names.3","items","shared/src/data/items.ts","Bearded Axe","","not_compared"
"bases.axe.names.4","items","shared/src/data/items.ts","Runic Axe","","not_compared"
"bases.axe.names.5","items","shared/src/data/items.ts","Starforged Axe","","not_compared"
"bases.axe.noun","items","shared/src/data/items.ts","Axe","","not_compared"
"bases.axe2h.names.0","items","shared/src/data/items.ts","Large Axe","","not_compared"
"bases.axe2h.names.1","items","shared/src/data/items.ts","Great Axe","","not_compared"
"bases.axe2h.names.2","items","shared/src/data/items.ts","Double Axe","","not_compared"
"bases.axe2h.names.3","items","shared/src/data/items.ts","Reaver","","not_compared"
"bases.axe2h.names.4","items","shared/src/data/items.ts","Runic Waraxe","","not_compared"
"bases.axe2h.names.5","items","shared/src/data/items.ts","Starforged Cleaver","","not_compared"
"bases.axe2h.noun","items","shared/src/data/items.ts","Great Axe","","not_compared"
"bases.bow.names.0","items","shared/src/data/items.ts","Short Bow","","not_compared"
"bases.bow.names.1","items","shared/src/data/items.ts","Hunting Bow","","not_compared"
"bases.bow.names.2","items","shared/src/data/items.ts","Long Bow","","not_compared"
"bases.bow.names.3","items","shared/src/data/items.ts","Composite Bow","","not_compared"
"bases.bow.names.4","items","shared/src/data/items.ts","Runic Bow","","not_compared"
"bases.bow.names.5","items","shared/src/data/items.ts","Starforged Bow","","not_compared"
"bases.bow.noun","items","shared/src/data/items.ts","Bow","","not_compared"
"bases.chest_leather.names.0","items","shared/src/data/items.ts","Worn Jerkin","","not_compared"
"bases.chest_leather.names.1","items","shared/src/data/items.ts","Sturdy Jerkin","","not_compared"
"bases.chest_leather.names.2","items","shared/src/data/items.ts","Reinforced Jerkin","","not_compared"
"bases.chest_leather.names.3","items","shared/src/data/items.ts","Masterwork Jerkin","","not_compared"
"bases.chest_leather.names.4","items","shared/src/data/items.ts","Runic Jerkin","","not_compared"
"bases.chest_leather.names.5","items","shared/src/data/items.ts","Starforged Jerkin","","not_compared"
"bases.chest_leather.noun","items","shared/src/data/items.ts","Jerkin","","not_compared"
"bases.chest_mail.names.0","items","shared/src/data/items.ts","Worn Hauberk","","not_compared"
"bases.chest_mail.names.1","items","shared/src/data/items.ts","Sturdy Hauberk","","not_compared"
"bases.chest_mail.names.2","items","shared/src/data/items.ts","Reinforced Hauberk","","not_compared"
"bases.chest_mail.names.3","items","shared/src/data/items.ts","Masterwork Hauberk","","not_compared"
"bases.chest_mail.names.4","items","shared/src/data/items.ts","Runic Hauberk","","not_compared"
"bases.chest_mail.names.5","items","shared/src/data/items.ts","Starforged Hauberk","","not_compared"
"bases.chest_mail.noun","items","shared/src/data/items.ts","Hauberk","","not_compared"
"bases.chest_plate.names.0","items","shared/src/data/items.ts","Worn Breastplate","","not_compared"
"bases.chest_plate.names.1","items","shared/src/data/items.ts","Sturdy Breastplate","","not_compared"
"bases.chest_plate.names.2","items","shared/src/data/items.ts","Reinforced Breastplate","","not_compared"
"bases.chest_plate.names.3","items","shared/src/data/items.ts","Masterwork Breastplate","","not_compared"
"bases.chest_plate.names.4","items","shared/src/data/items.ts","Runic Breastplate","","not_compared"
"bases.chest_plate.names.5","items","shared/src/data/items.ts","Starforged Breastplate","","not_compared"
"bases.chest_plate.noun","items","shared/src/data/items.ts","Breastplate","","not_compared"
"bases.chest_robe.names.0","items","shared/src/data/items.ts","Worn Robe","","not_compared"
"bases.chest_robe.names.1","items","shared/src/data/items.ts","Sturdy Robe","","not_compared"
"bases.chest_robe.names.2","items","shared/src/data/items.ts","Reinforced Robe","","not_compared"
"bases.chest_robe.names.3","items","shared/src/data/items.ts","Masterwork Robe","","not_compared"
"bases.chest_robe.names.4","items","shared/src/data/items.ts","Runic Robe","","not_compared"
"bases.chest_robe.names.5","items","shared/src/data/items.ts","Starforged Robe","","not_compared"
"bases.chest_robe.noun","items","shared/src/data/items.ts","Robe","","not_compared"
"bases.chest_tunic.names.0","items","shared/src/data/items.ts","Worn Tunic","","not_compared"
"bases.chest_tunic.names.1","items","shared/src/data/items.ts","Sturdy Tunic","","not_compared"
"bases.chest_tunic.names.2","items","shared/src/data/items.ts","Reinforced Tunic","","not_compared"
"bases.chest_tunic.names.3","items","shared/src/data/items.ts","Masterwork Tunic","","not_compared"
"bases.chest_tunic.names.4","items","shared/src/data/items.ts","Runic Tunic","","not_compared"
"bases.chest_tunic.names.5","items","shared/src/data/items.ts","Starforged Tunic","","not_compared"
"bases.chest_tunic.noun","items","shared/src/data/items.ts","Tunic","","not_compared"
"bases.crossbow.names.0","items","shared/src/data/items.ts","Light Crossbow","","not_compared"
"bases.crossbow.names.1","items","shared/src/data/items.ts","Crossbow","","not_compared"
"bases.crossbow.names.2","items","shared/src/data/items.ts","Heavy Crossbow","","not_compared"
"bases.crossbow.names.3","items","shared/src/data/items.ts","Arbalest","","not_compared"
"bases.crossbow.names.4","items","shared/src/data/items.ts","Runic Crossbow","","not_compared"
"bases.crossbow.names.5","items","shared/src/data/items.ts","Starforged Arbalest","","not_compared"
"bases.crossbow.noun","items","shared/src/data/items.ts","Crossbow","","not_compared"
"bases.feet_boots.names.0","items","shared/src/data/items.ts","Worn Boots","","not_compared"
"bases.feet_boots.names.1","items","shared/src/data/items.ts","Sturdy Boots","","not_compared"
"bases.feet_boots.names.2","items","shared/src/data/items.ts","Reinforced Boots","","not_compared"
"bases.feet_boots.names.3","items","shared/src/data/items.ts","Masterwork Boots","","not_compared"
"bases.feet_boots.names.4","items","shared/src/data/items.ts","Runic Boots","","not_compared"
"bases.feet_boots.names.5","items","shared/src/data/items.ts","Starforged Boots","","not_compared"
"bases.feet_boots.noun","items","shared/src/data/items.ts","Boots","","not_compared"
"bases.feet_greaves.names.0","items","shared/src/data/items.ts","Worn Sabatons","","not_compared"
"bases.feet_greaves.names.1","items","shared/src/data/items.ts","Sturdy Sabatons","","not_compared"
"bases.feet_greaves.names.2","items","shared/src/data/items.ts","Reinforced Sabatons","","not_compared"
"bases.feet_greaves.names.3","items","shared/src/data/items.ts","Masterwork Sabatons","","not_compared"
"bases.feet_greaves.names.4","items","shared/src/data/items.ts","Runic Sabatons","","not_compared"
"bases.feet_greaves.names.5","items","shared/src/data/items.ts","Starforged Sabatons","","not_compared"
"bases.feet_greaves.noun","items","shared/src/data/items.ts","Sabatons","","not_compared"
"bases.feet_shoes.names.0","items","shared/src/data/items.ts","Worn Slippers","","not_compared"
"bases.feet_shoes.names.1","items","shared/src/data/items.ts","Sturdy Slippers","","not_compared"
"bases.feet_shoes.names.2","items","shared/src/data/items.ts","Reinforced Slippers","","not_compared"
"bases.feet_shoes.names.3","items","shared/src/data/items.ts","Masterwork Slippers","","not_compared"
"bases.feet_shoes.names.4","items","shared/src/data/items.ts","Runic Slippers","","not_compared"
"bases.feet_shoes.names.5","items","shared/src/data/items.ts","Starforged Slippers","","not_compared"
"bases.feet_shoes.noun","items","shared/src/data/items.ts","Shoes","","not_compared"
"bases.hands_gauntlets.names.0","items","shared/src/data/items.ts","Worn Gauntlets","","not_compared"
"bases.hands_gauntlets.names.1","items","shared/src/data/items.ts","Sturdy Gauntlets","","not_compared"
"bases.hands_gauntlets.names.2","items","shared/src/data/items.ts","Reinforced Gauntlets","","not_compared"
"bases.hands_gauntlets.names.3","items","shared/src/data/items.ts","Masterwork Gauntlets","","not_compared"
"bases.hands_gauntlets.names.4","items","shared/src/data/items.ts","Runic Gauntlets","","not_compared"
"bases.hands_gauntlets.names.5","items","shared/src/data/items.ts","Starforged Gauntlets","","not_compared"
"bases.hands_gauntlets.noun","items","shared/src/data/items.ts","Gauntlets","","not_compared"
"bases.hands_gloves.names.0","items","shared/src/data/items.ts","Worn Gloves","","not_compared"
"bases.hands_gloves.names.1","items","shared/src/data/items.ts","Sturdy Gloves","","not_compared"
"bases.hands_gloves.names.2","items","shared/src/data/items.ts","Reinforced Gloves","","not_compared"
"bases.hands_gloves.names.3","items","shared/src/data/items.ts","Masterwork Gloves","","not_compared"
"bases.hands_gloves.names.4","items","shared/src/data/items.ts","Runic Gloves","","not_compared"
"bases.hands_gloves.names.5","items","shared/src/data/items.ts","Starforged Gloves","","not_compared"
"bases.hands_gloves.noun","items","shared/src/data/items.ts","Gloves","","not_compared"
"bases.hands_wraps.names.0","items","shared/src/data/items.ts","Worn Wraps","","not_compared"
"bases.hands_wraps.names.1","items","shared/src/data/items.ts","Sturdy Wraps","","not_compared"
"bases.hands_wraps.names.2","items","shared/src/data/items.ts","Reinforced Wraps","","not_compared"
"bases.hands_wraps.names.3","items","shared/src/data/items.ts","Masterwork Wraps","","not_compared"
"bases.hands_wraps.names.4","items","shared/src/data/items.ts","Runic Wraps","","not_compared"
"bases.hands_wraps.names.5","items","shared/src/data/items.ts","Starforged Wraps","","not_compared"
"bases.hands_wraps.noun","items","shared/src/data/items.ts","Wraps","","not_compared"
"bases.handxbow.names.0","items","shared/src/data/items.ts","Hand Crossbow","","not_compared"
"bases.handxbow.names.1","items","shared/src/data/items.ts","Blade Crossbow","","not_compared"
"bases.handxbow.names.2","items","shared/src/data/items.ts","Bolt Pistol","","not_compared"
"bases.handxbow.names.3","items","shared/src/data/items.ts","Dart Thrower","","not_compared"
"bases.handxbow.names.4","items","shared/src/data/items.ts","Runic Repeater","","not_compared"
"bases.handxbow.names.5","items","shared/src/data/items.ts","Starforged Repeater","","not_compared"
"bases.handxbow.noun","items","shared/src/data/items.ts","Hand Crossbow","","not_compared"
"bases.head_cap.names.0","items","shared/src/data/items.ts","Worn Cap","","not_compared"
"bases.head_cap.names.1","items","shared/src/data/items.ts","Sturdy Cap","","not_compared"
"bases.head_cap.names.2","items","shared/src/data/items.ts","Reinforced Cap","","not_compared"
"bases.head_cap.names.3","items","shared/src/data/items.ts","Masterwork Cap","","not_compared"
"bases.head_cap.names.4","items","shared/src/data/items.ts","Runic Cap","","not_compared"
"bases.head_cap.names.5","items","shared/src/data/items.ts","Starforged Cap","","not_compared"
"bases.head_cap.noun","items","shared/src/data/items.ts","Cap","","not_compared"
"bases.head_circlet.names.0","items","shared/src/data/items.ts","Worn Circlet","","not_compared"
"bases.head_circlet.names.1","items","shared/src/data/items.ts","Sturdy Circlet","","not_compared"
"bases.head_circlet.names.2","items","shared/src/data/items.ts","Reinforced Circlet","","not_compared"
"bases.head_circlet.names.3","items","shared/src/data/items.ts","Masterwork Circlet","","not_compared"
"bases.head_circlet.names.4","items","shared/src/data/items.ts","Runic Circlet","","not_compared"
"bases.head_circlet.names.5","items","shared/src/data/items.ts","Starforged Circlet","","not_compared"
"bases.head_circlet.noun","items","shared/src/data/items.ts","Circlet","","not_compared"
"bases.head_helm.names.0","items","shared/src/data/items.ts","Worn Helm","","not_compared"
"bases.head_helm.names.1","items","shared/src/data/items.ts","Sturdy Helm","","not_compared"
"bases.head_helm.names.2","items","shared/src/data/items.ts","Reinforced Helm","","not_compared"
"bases.head_helm.names.3","items","shared/src/data/items.ts","Masterwork Helm","","not_compared"
"bases.head_helm.names.4","items","shared/src/data/items.ts","Runic Helm","","not_compared"
"bases.head_helm.names.5","items","shared/src/data/items.ts","Starforged Helm","","not_compared"
"bases.head_helm.noun","items","shared/src/data/items.ts","Helm","","not_compared"
"bases.head_hood.names.0","items","shared/src/data/items.ts","Worn Hood","","not_compared"
"bases.head_hood.names.1","items","shared/src/data/items.ts","Sturdy Hood","","not_compared"
"bases.head_hood.names.2","items","shared/src/data/items.ts","Reinforced Hood","","not_compared"
"bases.head_hood.names.3","items","shared/src/data/items.ts","Masterwork Hood","","not_compared"
"bases.head_hood.names.4","items","shared/src/data/items.ts","Runic Hood","","not_compared"
"bases.head_hood.names.5","items","shared/src/data/items.ts","Starforged Hood","","not_compared"
"bases.head_hood.noun","items","shared/src/data/items.ts","Hood","","not_compared"
"bases.head_horned.names.0","items","shared/src/data/items.ts","Worn Horned Helm","","not_compared"
"bases.head_horned.names.1","items","shared/src/data/items.ts","Sturdy Horned Helm","","not_compared"
"bases.head_horned.names.2","items","shared/src/data/items.ts","Reinforced Horned Helm","","not_compared"
"bases.head_horned.names.3","items","shared/src/data/items.ts","Masterwork Horned Helm","","not_compared"
"bases.head_horned.names.4","items","shared/src/data/items.ts","Runic Horned Helm","","not_compared"
"bases.head_horned.names.5","items","shared/src/data/items.ts","Starforged Horned Helm","","not_compared"
"bases.head_horned.noun","items","shared/src/data/items.ts","Horned Helm","","not_compared"
"bases.head_wizard.names.0","items","shared/src/data/items.ts","Worn Pointed Hat","","not_compared"
"bases.head_wizard.names.1","items","shared/src/data/items.ts","Sturdy Pointed Hat","","not_compared"
"bases.head_wizard.names.2","items","shared/src/data/items.ts","Reinforced Pointed Hat","","not_compared"
"bases.head_wizard.names.3","items","shared/src/data/items.ts","Masterwork Pointed Hat","","not_compared"
"bases.head_wizard.names.4","items","shared/src/data/items.ts","Runic Pointed Hat","","not_compared"
"bases.head_wizard.names.5","items","shared/src/data/items.ts","Starforged Pointed Hat","","not_compared"
"bases.head_wizard.noun","items","shared/src/data/items.ts","Wizard Hat","","not_compared"
"bases.legs_cloth.names.0","items","shared/src/data/items.ts","Worn Leggings","","not_compared"
"bases.legs_cloth.names.1","items","shared/src/data/items.ts","Sturdy Leggings","","not_compared"
"bases.legs_cloth.names.2","items","shared/src/data/items.ts","Reinforced Leggings","","not_compared"
"bases.legs_cloth.names.3","items","shared/src/data/items.ts","Masterwork Leggings","","not_compared"
"bases.legs_cloth.names.4","items","shared/src/data/items.ts","Runic Leggings","","not_compared"
"bases.legs_cloth.names.5","items","shared/src/data/items.ts","Starforged Leggings","","not_compared"
"bases.legs_cloth.noun","items","shared/src/data/items.ts","Leggings","","not_compared"
"bases.legs_leather.names.0","items","shared/src/data/items.ts","Worn Breeches","","not_compared"
"bases.legs_leather.names.1","items","shared/src/data/items.ts","Sturdy Breeches","","not_compared"
"bases.legs_leather.names.2","items","shared/src/data/items.ts","Reinforced Breeches","","not_compared"
"bases.legs_leather.names.3","items","shared/src/data/items.ts","Masterwork Breeches","","not_compared"
"bases.legs_leather.names.4","items","shared/src/data/items.ts","Runic Breeches","","not_compared"
"bases.legs_leather.names.5","items","shared/src/data/items.ts","Starforged Breeches","","not_compared"
"bases.legs_leather.noun","items","shared/src/data/items.ts","Breeches","","not_compared"
"bases.legs_plate.names.0","items","shared/src/data/items.ts","Worn Legplates","","not_compared"
"bases.legs_plate.names.1","items","shared/src/data/items.ts","Sturdy Legplates","","not_compared"
"bases.legs_plate.names.2","items","shared/src/data/items.ts","Reinforced Legplates","","not_compared"
"bases.legs_plate.names.3","items","shared/src/data/items.ts","Masterwork Legplates","","not_compared"
"bases.legs_plate.names.4","items","shared/src/data/items.ts","Runic Legplates","","not_compared"
"bases.legs_plate.names.5","items","shared/src/data/items.ts","Starforged Legplates","","not_compared"
"bases.legs_plate.noun","items","shared/src/data/items.ts","Greaves","","not_compared"
"bases.mace.names.0","items","shared/src/data/items.ts","Club","","not_compared"
"bases.mace.names.1","items","shared/src/data/items.ts","Spiked Club","","not_compared"
"bases.mace.names.2","items","shared/src/data/items.ts","Mace","","not_compared"
"bases.mace.names.3","items","shared/src/data/items.ts","Flanged Mace","","not_compared"
"bases.mace.names.4","items","shared/src/data/items.ts","Runic Mace","","not_compared"
"bases.mace.names.5","items","shared/src/data/items.ts","Starforged Mace","","not_compared"
"bases.mace.noun","items","shared/src/data/items.ts","Mace","","not_compared"
"bases.neck_amulet.names.0","items","shared/src/data/items.ts","Amulet","","not_compared"
"bases.neck_amulet.names.1","items","shared/src/data/items.ts","Pendant","","not_compared"
"bases.neck_amulet.names.2","items","shared/src/data/items.ts","Talisman","","not_compared"
"bases.neck_amulet.names.3","items","shared/src/data/items.ts","Periapt","","not_compared"
"bases.neck_amulet.names.4","items","shared/src/data/items.ts","Runic Amulet","","not_compared"
"bases.neck_amulet.names.5","items","shared/src/data/items.ts","Starforged Amulet","","not_compared"
"bases.neck_amulet.noun","items","shared/src/data/items.ts","Amulet","","not_compared"
"bases.orb.names.0","items","shared/src/data/items.ts","Orb","","not_compared"
"bases.orb.names.1","items","shared/src/data/items.ts","Glass Orb","","not_compared"
"bases.orb.names.2","items","shared/src/data/items.ts","Arcane Sphere","","not_compared"
"bases.orb.names.3","items","shared/src/data/items.ts","Prism","","not_compared"
"bases.orb.names.4","items","shared/src/data/items.ts","Runic Orb","","not_compared"
"bases.orb.names.5","items","shared/src/data/items.ts","Starforged Orb","","not_compared"
"bases.orb.noun","items","shared/src/data/items.ts","Orb","","not_compared"
"bases.quiver.names.0","items","shared/src/data/items.ts","Quiver","","not_compared"
"bases.quiver.names.1","items","shared/src/data/items.ts","Hunting Quiver","","not_compared"
"bases.quiver.names.2","items","shared/src/data/items.ts","Battle Quiver","","not_compared"
"bases.quiver.names.3","items","shared/src/data/items.ts","Bolt Case","","not_compared"
"bases.quiver.names.4","items","shared/src/data/items.ts","Runic Quiver","","not_compared"
"bases.quiver.names.5","items","shared/src/data/items.ts","Starforged Quiver","","not_compared"
"bases.quiver.noun","items","shared/src/data/items.ts","Quiver","","not_compared"
"bases.ring.names.0","items","shared/src/data/items.ts","Ring","","not_compared"
"bases.ring.names.1","items","shared/src/data/items.ts","Band","","not_compared"
"bases.ring.names.2","items","shared/src/data/items.ts","Signet","","not_compared"
"bases.ring.names.3","items","shared/src/data/items.ts","Loop","","not_compared"
"bases.ring.names.4","items","shared/src/data/items.ts","Runic Ring","","not_compared"
"bases.ring.names.5","items","shared/src/data/items.ts","Starforged Ring","","not_compared"
"bases.ring.noun","items","shared/src/data/items.ts","Ring","","not_compared"
"bases.shield.names.0","items","shared/src/data/items.ts","Buckler","","not_compared"
"bases.shield.names.1","items","shared/src/data/items.ts","Kite Shield","","not_compared"
"bases.shield.names.2","items","shared/src/data/items.ts","Tower Shield","","not_compared"
"bases.shield.names.3","items","shared/src/data/items.ts","Heater Shield","","not_compared"
"bases.shield.names.4","items","shared/src/data/items.ts","Runic Shield","","not_compared"
"bases.shield.names.5","items","shared/src/data/items.ts","Starforged Bulwark","","not_compared"
"bases.shield.noun","items","shared/src/data/items.ts","Shield","","not_compared"
"bases.shoulders_mantle.names.0","items","shared/src/data/items.ts","Worn Mantle","","not_compared"
"bases.shoulders_mantle.names.1","items","shared/src/data/items.ts","Sturdy Mantle","","not_compared"
"bases.shoulders_mantle.names.2","items","shared/src/data/items.ts","Reinforced Mantle","","not_compared"
"bases.shoulders_mantle.names.3","items","shared/src/data/items.ts","Masterwork Mantle","","not_compared"
"bases.shoulders_mantle.names.4","items","shared/src/data/items.ts","Runic Mantle","","not_compared"
"bases.shoulders_mantle.names.5","items","shared/src/data/items.ts","Starforged Mantle","","not_compared"
"bases.shoulders_mantle.noun","items","shared/src/data/items.ts","Mantle","","not_compared"
"bases.shoulders_pads.names.0","items","shared/src/data/items.ts","Worn Pauldrons","","not_compared"
"bases.shoulders_pads.names.1","items","shared/src/data/items.ts","Sturdy Pauldrons","","not_compared"
"bases.shoulders_pads.names.2","items","shared/src/data/items.ts","Reinforced Pauldrons","","not_compared"
"bases.shoulders_pads.names.3","items","shared/src/data/items.ts","Masterwork Pauldrons","","not_compared"
"bases.shoulders_pads.names.4","items","shared/src/data/items.ts","Runic Pauldrons","","not_compared"
"bases.shoulders_pads.names.5","items","shared/src/data/items.ts","Starforged Pauldrons","","not_compared"
"bases.shoulders_pads.noun","items","shared/src/data/items.ts","Pauldrons","","not_compared"
"bases.shoulders_plate.names.0","items","shared/src/data/items.ts","Worn Spaulders","","not_compared"
"bases.shoulders_plate.names.1","items","shared/src/data/items.ts","Sturdy Spaulders","","not_compared"
"bases.shoulders_plate.names.2","items","shared/src/data/items.ts","Reinforced Spaulders","","not_compared"
"bases.shoulders_plate.names.3","items","shared/src/data/items.ts","Masterwork Spaulders","","not_compared"
"bases.shoulders_plate.names.4","items","shared/src/data/items.ts","Runic Spaulders","","not_compared"
"bases.shoulders_plate.names.5","items","shared/src/data/items.ts","Starforged Spaulders","","not_compared"
"bases.shoulders_plate.noun","items","shared/src/data/items.ts","Spaulders","","not_compared"
"bases.shoulders_spiked.names.0","items","shared/src/data/items.ts","Worn Spiked Mantle","","not_compared"
"bases.shoulders_spiked.names.1","items","shared/src/data/items.ts","Sturdy Spiked Mantle","","not_compared"
"bases.shoulders_spiked.names.2","items","shared/src/data/items.ts","Reinforced Spiked Mantle","","not_compared"
"bases.shoulders_spiked.names.3","items","shared/src/data/items.ts","Masterwork Spiked Mantle","","not_compared"
"bases.shoulders_spiked.names.4","items","shared/src/data/items.ts","Runic Spiked Mantle","","not_compared"
"bases.shoulders_spiked.names.5","items","shared/src/data/items.ts","Starforged Spiked Mantle","","not_compared"
"bases.shoulders_spiked.noun","items","shared/src/data/items.ts","Spiked Mantle","","not_compared"
"bases.staff.names.0","items","shared/src/data/items.ts","Quarterstaff","","not_compared"
"bases.staff.names.1","items","shared/src/data/items.ts","Long Staff","","not_compared"
"bases.staff.names.2","items","shared/src/data/items.ts","War Staff","","not_compared"
"bases.staff.names.3","items","shared/src/data/items.ts","Elder Staff","","not_compared"
"bases.staff.names.4","items","shared/src/data/items.ts","Runic Staff","","not_compared"
"bases.staff.names.5","items","shared/src/data/items.ts","Starforged Staff","","not_compared"
"bases.staff.noun","items","shared/src/data/items.ts","Staff","","not_compared"
"bases.sword.names.0","items","shared/src/data/items.ts","Short Sword","","not_compared"
"bases.sword.names.1","items","shared/src/data/items.ts","Broad Sword","","not_compared"
"bases.sword.names.2","items","shared/src/data/items.ts","Long Sword","","not_compared"
"bases.sword.names.3","items","shared/src/data/items.ts","Falchion","","not_compared"
"bases.sword.names.4","items","shared/src/data/items.ts","Runic Blade","","not_compared"
"bases.sword.names.5","items","shared/src/data/items.ts","Starforged Blade","","not_compared"
"bases.sword.noun","items","shared/src/data/items.ts","Sword","","not_compared"
"bases.sword2h.names.0","items","shared/src/data/items.ts","Great Sword","","not_compared"
"bases.sword2h.names.1","items","shared/src/data/items.ts","Claymore","","not_compared"
"bases.sword2h.names.2","items","shared/src/data/items.ts","Zweihander","","not_compared"
"bases.sword2h.names.3","items","shared/src/data/items.ts","Executioner","","not_compared"
"bases.sword2h.names.4","items","shared/src/data/items.ts","Runic Greatsword","","not_compared"
"bases.sword2h.names.5","items","shared/src/data/items.ts","Starforged Greatsword","","not_compared"
"bases.sword2h.noun","items","shared/src/data/items.ts","Greatsword","","not_compared"
"bases.waist_belt.names.0","items","shared/src/data/items.ts","Worn Belt","","not_compared"
"bases.waist_belt.names.1","items","shared/src/data/items.ts","Sturdy Belt","","not_compared"
"bases.waist_belt.names.2","items","shared/src/data/items.ts","Reinforced Belt","","not_compared"
"bases.waist_belt.names.3","items","shared/src/data/items.ts","Masterwork Belt","","not_compared"
"bases.waist_belt.names.4","items","shared/src/data/items.ts","Runic Belt","","not_compared"
"bases.waist_belt.names.5","items","shared/src/data/items.ts","Starforged Belt","","not_compared"
"bases.waist_belt.noun","items","shared/src/data/items.ts","Belt","","not_compared"
"bases.waist_sash.names.0","items","shared/src/data/items.ts","Worn Sash","","not_compared"
"bases.waist_sash.names.1","items","shared/src/data/items.ts","Sturdy Sash","","not_compared"
"bases.waist_sash.names.2","items","shared/src/data/items.ts","Reinforced Sash","","not_compared"
"bases.waist_sash.names.3","items","shared/src/data/items.ts","Masterwork Sash","","not_compared"
"bases.waist_sash.names.4","items","shared/src/data/items.ts","Runic Sash","","not_compared"
"bases.waist_sash.names.5","items","shared/src/data/items.ts","Starforged Sash","","not_compared"
"bases.waist_sash.noun","items","shared/src/data/items.ts","Sash","","not_compared"
"bases.wand.names.0","items","shared/src/data/items.ts","Wand","","not_compared"
"bases.wand.names.1","items","shared/src/data/items.ts","Bone Wand","","not_compared"
"bases.wand.names.2","items","shared/src/data/items.ts","Battle Wand","","not_compared"
"bases.wand.names.3","items","shared/src/data/items.ts","Grim Wand","","not_compared"
"bases.wand.names.4","items","shared/src/data/items.ts","Runic Wand","","not_compared"
"bases.wand.names.5","items","shared/src/data/items.ts","Starforged Wand","","not_compared"
"bases.wand.noun","items","shared/src/data/items.ts","Wand","","not_compared"
"bases.wrists_bracers.names.0","items","shared/src/data/items.ts","Worn Bracers","","not_compared"
"bases.wrists_bracers.names.1","items","shared/src/data/items.ts","Sturdy Bracers","","not_compared"
"bases.wrists_bracers.names.2","items","shared/src/data/items.ts","Reinforced Bracers","","not_compared"
"bases.wrists_bracers.names.3","items","shared/src/data/items.ts","Masterwork Bracers","","not_compared"
"bases.wrists_bracers.names.4","items","shared/src/data/items.ts","Runic Bracers","","not_compared"
"bases.wrists_bracers.names.5","items","shared/src/data/items.ts","Starforged Bracers","","not_compared"
"bases.wrists_bracers.noun","items","shared/src/data/items.ts","Bracers","","not_compared"
"classes.mage.name","classes","shared/src/data/classes.ts","Mage","","not_compared"
"classes.mage.resource.name","classes","shared/src/data/classes.ts","Arcane Power","","not_compared"
"classes.mage.title","classes","shared/src/data/classes.ts","Fallen Star","","not_compared"
"classes.ranger.name","classes","shared/src/data/classes.ts","Ranger","","not_compared"
"classes.ranger.resource.name","classes","shared/src/data/classes.ts","Hatred","","not_compared"
"classes.ranger.title","classes","shared/src/data/classes.ts","Siege Engineer","","not_compared"
"classes.warrior.name","classes","shared/src/data/classes.ts","Warrior","","not_compared"
"classes.warrior.resource.name","classes","shared/src/data/classes.ts","Fury","","not_compared"
"classes.warrior.title","classes","shared/src/data/classes.ts","Storm of Steel","","not_compared"
"eliteAffixes.electrified.name","monsters","shared/src/data/monsters.ts","Electrified","","not_compared"
"eliteAffixes.extra_health.name","monsters","shared/src/data/monsters.ts","Extra Health","","not_compared"
"eliteAffixes.fast.name","monsters","shared/src/data/monsters.ts","Fast","","not_compared"
"eliteAffixes.frozen.name","monsters","shared/src/data/monsters.ts","Frozen","","not_compared"
"eliteAffixes.molten.name","monsters","shared/src/data/monsters.ts","Molten","","not_compared"
"eliteAffixes.mortar.name","monsters","shared/src/data/monsters.ts","Mortar","","not_compared"
"eliteAffixes.plagued.name","monsters","shared/src/data/monsters.ts","Plagued","","not_compared"
"eliteAffixes.vortex.name","monsters","shared/src/data/monsters.ts","Vortex","","not_compared"
"elitePrefix.0","monster_components","shared/src/data/monsters.ts","Grim","","not_compared"
"elitePrefix.1","monster_components","shared/src/data/monsters.ts","Rot","","not_compared"
"elitePrefix.10","monster_components","shared/src/data/monsters.ts","Rage","","not_compared"
"elitePrefix.11","monster_components","shared/src/data/monsters.ts","Bone","","not_compared"
"elitePrefix.12","monster_components","shared/src/data/monsters.ts","Cinder","","not_compared"
"elitePrefix.13","monster_components","shared/src/data/monsters.ts","Gloom","","not_compared"
"elitePrefix.2","monster_components","shared/src/data/monsters.ts","Vile","","not_compared"
"elitePrefix.3","monster_components","shared/src/data/monsters.ts","Dread","","not_compared"
"elitePrefix.4","monster_components","shared/src/data/monsters.ts","Ashen","","not_compared"
"elitePrefix.5","monster_components","shared/src/data/monsters.ts","Blight","","not_compared"
"elitePrefix.6","monster_components","shared/src/data/monsters.ts","Gore","","not_compared"
"elitePrefix.7","monster_components","shared/src/data/monsters.ts","Hollow","","not_compared"
"elitePrefix.8","monster_components","shared/src/data/monsters.ts","Plague","","not_compared"
"elitePrefix.9","monster_components","shared/src/data/monsters.ts","Sorrow","","not_compared"
"eliteSuffix.0","monster_components","shared/src/data/monsters.ts","heart","","not_compared"
"eliteSuffix.1","monster_components","shared/src/data/monsters.ts","maw","","not_compared"
"eliteSuffix.10","monster_components","shared/src/data/monsters.ts","bane","","not_compared"
"eliteSuffix.11","monster_components","shared/src/data/monsters.ts","wing","","not_compared"
"eliteSuffix.2","monster_components","shared/src/data/monsters.ts","claw","","not_compared"
"eliteSuffix.3","monster_components","shared/src/data/monsters.ts","spawn","","not_compared"
"eliteSuffix.4","monster_components","shared/src/data/monsters.ts","fang","","not_compared"
"eliteSuffix.5","monster_components","shared/src/data/monsters.ts","shade","","not_compared"
"eliteSuffix.6","monster_components","shared/src/data/monsters.ts","gut","","not_compared"
"eliteSuffix.7","monster_components","shared/src/data/monsters.ts","thorn","","not_compared"
"eliteSuffix.8","monster_components","shared/src/data/monsters.ts","hide","","not_compared"
"eliteSuffix.9","monster_components","shared/src/data/monsters.ts","skull","","not_compared"
"gemRanks.0","item_components","shared/src/data/items.ts","Chipped","","not_compared"
"gemRanks.1","item_components","shared/src/data/items.ts","Flawed","","not_compared"
"gemRanks.2","item_components","shared/src/data/items.ts","Regular","","not_compared"
"gemRanks.3","item_components","shared/src/data/items.ts","Flawless","","not_compared"
"gemRanks.4","item_components","shared/src/data/items.ts","Perfect","","not_compared"
"gemRanks.5","item_components","shared/src/data/items.ts","Royal","","not_compared"
"gems.amethyst.name","items","shared/src/data/items.ts","Amethyst","","not_compared"
"gems.diamond.name","items","shared/src/data/items.ts","Diamond","","not_compared"
"gems.emerald.name","items","shared/src/data/items.ts","Emerald","","not_compared"
"gems.ruby.name","items","shared/src/data/items.ts","Ruby","","not_compared"
"gems.topaz.name","items","shared/src/data/items.ts","Topaz","","not_compared"
"legendaries.anvil_vambraces.name","items","shared/src/data/items.ts","Vambraces of the Anvil","","not_compared"
"legendaries.bloodwake.name","items","shared/src/data/items.ts","Bloodwake","","not_compared"
"legendaries.cindervane.name","items","shared/src/data/items.ts","Cindervane","","not_compared"
"legendaries.eternal_gyre.name","items","shared/src/data/items.ts","Girdle of the Eternal Gyre","","not_compared"
"legendaries.gearwright_heart.name","items","shared/src/data/items.ts","Gearwright's Heart","","not_compared"
"legendaries.hellforge_talisman.name","items","shared/src/data/items.ts","Hellforge Talisman","","not_compared"
"legendaries.hunters_mark.name","items","shared/src/data/items.ts","Hunter's Mark","","not_compared"
"legendaries.last_light.name","items","shared/src/data/items.ts","Bulwark of the Last Light","","not_compared"
"legendaries.mountain_fists.name","items","shared/src/data/items.ts","Fists of the Mountain","","not_compared"
"legendaries.ninefold_gale.name","items","shared/src/data/items.ts","The Ninefold Gale","","not_compared"
"legendaries.ouroboros_loop.name","items","shared/src/data/items.ts","Ouroboros Loop","","not_compared"
"legendaries.patient_thief.name","items","shared/src/data/items.ts","Seal of the Patient Thief","","not_compared"
"legendaries.sappers_pack.name","items","shared/src/data/items.ts","Sapper's Pack","","not_compared"
"legendaries.starfall_mantle.name","items","shared/src/data/items.ts","Starfall Mantle","","not_compared"
"legendaries.stridewind.name","items","shared/src/data/items.ts","Stridewind Greaves","","not_compared"
"legendaries.thousand_missiles.name","items","shared/src/data/items.ts","Spindle of a Thousand Missiles","","not_compared"
"legendaries.thunderhead.name","items","shared/src/data/items.ts","Thunderhead","","not_compared"
"legendaries.void_heart.name","items","shared/src/data/items.ts","Heart of the Void","","not_compared"
"legendaries.witching_cord.name","items","shared/src/data/items.ts","Witching Cord","","not_compared"
"magicPrefix.allRes","item_components","shared/src/data/items.ts","Warded","","not_compared"
"magicPrefix.area","item_components","shared/src/data/items.ts","Sweeping","","not_compared"
"magicPrefix.armor","item_components","shared/src/data/items.ts","Sturdy","","not_compared"
"magicPrefix.cdr","item_components","shared/src/data/items.ts","Timeless","","not_compared"
"magicPrefix.chc","item_components","shared/src/data/items.ts","Keen","","not_compared"
"magicPrefix.chd","item_components","shared/src/data/items.ts","Brutal","","not_compared"
"magicPrefix.dex","item_components","shared/src/data/items.ts","Nimble","","not_compared"
"magicPrefix.elite","item_components","shared/src/data/items.ts","Slayer’s","","not_compared"
"magicPrefix.ias","item_components","shared/src/data/items.ts","Swift","","not_compared"
"magicPrefix.int","item_components","shared/src/data/items.ts","Wise","","not_compared"
"magicPrefix.lifePct","item_components","shared/src/data/items.ts","Stout","","not_compared"
"magicPrefix.ms","item_components","shared/src/data/items.ts","Fleet","","not_compared"
"magicPrefix.str","item_components","shared/src/data/items.ts","Mighty","","not_compared"
"magicPrefix.vit","item_components","shared/src/data/items.ts","Hale","","not_compared"
"magicPrefix.weaponDmgPct","item_components","shared/src/data/items.ts","Vicious","","not_compared"
"magicSuffix.eleArcane","item_components","shared/src/data/items.ts","of the Arcane","","not_compared"
"magicSuffix.eleCold","item_components","shared/src/data/items.ts","of Frost","","not_compared"
"magicSuffix.eleFire","item_components","shared/src/data/items.ts","of Embers","","not_compared"
"magicSuffix.eleLightning","item_components","shared/src/data/items.ts","of Storms","","not_compared"
"magicSuffix.elePhysical","item_components","shared/src/data/items.ts","of Force","","not_compared"
"magicSuffix.goldFind","item_components","shared/src/data/items.ts","of Greed","","not_compared"
"magicSuffix.lifePerHit","item_components","shared/src/data/items.ts","of the Leech","","not_compared"
"magicSuffix.lifePerKill","item_components","shared/src/data/items.ts","of Feasting","","not_compared"
"magicSuffix.lifeRegen","item_components","shared/src/data/items.ts","of Mending","","not_compared"
"magicSuffix.pickup","item_components","shared/src/data/items.ts","of the Magpie","","not_compared"
"magicSuffix.rcr","item_components","shared/src/data/items.ts","of Thrift","","not_compared"
"magicSuffix.skillDmg","item_components","shared/src/data/items.ts","of Mastery","","not_compared"
"magicSuffix.thorns","item_components","shared/src/data/items.ts","of Thorns","","not_compared"
"magicSuffix.xpPct","item_components","shared/src/data/items.ts","of Learning","","not_compared"
"monsters.ash_wisp.name","monsters","shared/src/data/monsters.ts","Ash Wisp","","not_compared"
"monsters.bog_slime.name","monsters","shared/src/data/monsters.ts","Bog Slime","","not_compared"
"monsters.bonewalker.name","monsters","shared/src/data/monsters.ts","Bonewalker","","not_compared"
"monsters.cinder_cultist.name","monsters","shared/src/data/monsters.ts","Cinder Cultist","","not_compared"
"monsters.ember_imp.name","monsters","shared/src/data/monsters.ts","Ember Imp","","not_compared"
"monsters.gloomshroom.name","monsters","shared/src/data/monsters.ts","Gloomshroom","","not_compared"
"monsters.gorgemaw.name","monsters","shared/src/data/monsters.ts","Gorgemaw, the Swelling","","not_compared"
"monsters.grave_bat.name","monsters","shared/src/data/monsters.ts","Grave Bat","","not_compared"
"monsters.magma_brute.name","monsters","shared/src/data/monsters.ts","Magma Brute","","not_compared"
"monsters.mossback.name","monsters","shared/src/data/monsters.ts","Mossback Golem","","not_compared"
"monsters.thornling.name","monsters","shared/src/data/monsters.ts","Thornling","","not_compared"
"monsters.treasure_goblin.name","monsters","shared/src/data/monsters.ts","Treasure Goblin","","not_compared"
"monsters.vexis.name","monsters","shared/src/data/monsters.ts","Vexis the Ashen","","not_compared"
"rarePrefix.0","item_components","shared/src/data/items.ts","Grim","","not_compared"
"rarePrefix.1","item_components","shared/src/data/items.ts","Doom","","not_compared"
"rarePrefix.10","item_components","shared/src/data/items.ts","Hollow","","not_compared"
"rarePrefix.11","item_components","shared/src/data/items.ts","Sun","","not_compared"
"rarePrefix.12","item_components","shared/src/data/items.ts","Night","","not_compared"
"rarePrefix.13","item_components","shared/src/data/items.ts","Ember","","not_compared"
"rarePrefix.14","item_components","shared/src/data/items.ts","Frost","","not_compared"
"rarePrefix.15","item_components","shared/src/data/items.ts","Soul","","not_compared"
"rarePrefix.16","item_components","shared/src/data/items.ts","Rot","","not_compared"
"rarePrefix.17","item_components","shared/src/data/items.ts","Iron","","not_compared"
"rarePrefix.18","item_components","shared/src/data/items.ts","Raven","","not_compared"
"rarePrefix.19","item_components","shared/src/data/items.ts","Gale","","not_compared"
"rarePrefix.2","item_components","shared/src/data/items.ts","Storm","","not_compared"
"rarePrefix.3","item_components","shared/src/data/items.ts","Blood","","not_compared"
"rarePrefix.4","item_components","shared/src/data/items.ts","Ghoul","","not_compared"
"rarePrefix.5","item_components","shared/src/data/items.ts","Bone","","not_compared"
"rarePrefix.6","item_components","shared/src/data/items.ts","Dread","","not_compared"
"rarePrefix.7","item_components","shared/src/data/items.ts","Rune","","not_compared"
"rarePrefix.8","item_components","shared/src/data/items.ts","Wraith","","not_compared"
"rarePrefix.9","item_components","shared/src/data/items.ts","Ash","","not_compared"
"rareSuffix.chest.0","item_components","shared/src/data/items.ts","Shell","","not_compared"
"rareSuffix.chest.1","item_components","shared/src/data/items.ts","Heart","","not_compared"
"rareSuffix.chest.2","item_components","shared/src/data/items.ts","Hide","","not_compared"
"rareSuffix.chest.3","item_components","shared/src/data/items.ts","Coat","","not_compared"
"rareSuffix.chest.4","item_components","shared/src/data/items.ts","Bastion","","not_compared"
"rareSuffix.chest.5","item_components","shared/src/data/items.ts","Husk","","not_compared"
"rareSuffix.feet.0","item_components","shared/src/data/items.ts","Trek","","not_compared"
"rareSuffix.feet.1","item_components","shared/src/data/items.ts","Path","","not_compared"
"rareSuffix.feet.2","item_components","shared/src/data/items.ts","Stalkers","","not_compared"
"rareSuffix.feet.3","item_components","shared/src/data/items.ts","Strider","","not_compared"
"rareSuffix.feet.4","item_components","shared/src/data/items.ts","March","","not_compared"
"rareSuffix.hands.0","item_components","shared/src/data/items.ts","Grip","","not_compared"
"rareSuffix.hands.1","item_components","shared/src/data/items.ts","Grasp","","not_compared"
"rareSuffix.hands.2","item_components","shared/src/data/items.ts","Fist","","not_compared"
"rareSuffix.hands.3","item_components","shared/src/data/items.ts","Touch","","not_compared"
"rareSuffix.hands.4","item_components","shared/src/data/items.ts","Claw","","not_compared"
"rareSuffix.head.0","item_components","shared/src/data/items.ts","Visage","","not_compared"
"rareSuffix.head.1","item_components","shared/src/data/items.ts","Crown","","not_compared"
"rareSuffix.head.2","item_components","shared/src/data/items.ts","Mask","","not_compared"
"rareSuffix.head.3","item_components","shared/src/data/items.ts","Cowl","","not_compared"
"rareSuffix.head.4","item_components","shared/src/data/items.ts","Brow","","not_compared"
"rareSuffix.head.5","item_components","shared/src/data/items.ts","Casque","","not_compared"
"rareSuffix.legs.0","item_components","shared/src/data/items.ts","Stride","","not_compared"
"rareSuffix.legs.1","item_components","shared/src/data/items.ts","Pillars","","not_compared"
"rareSuffix.legs.2","item_components","shared/src/data/items.ts","Legs","","not_compared"
"rareSuffix.legs.3","item_components","shared/src/data/items.ts","Tassets","","not_compared"
"rareSuffix.neck.0","item_components","shared/src/data/items.ts","Charm","","not_compared"
"rareSuffix.neck.1","item_components","shared/src/data/items.ts","Eye","","not_compared"
"rareSuffix.neck.2","item_components","shared/src/data/items.ts","Heart","","not_compared"
"rareSuffix.neck.3","item_components","shared/src/data/items.ts","Collar","","not_compared"
"rareSuffix.neck.4","item_components","shared/src/data/items.ts","Torc","","not_compared"
"rareSuffix.offhand.0","item_components","shared/src/data/items.ts","Ward","","not_compared"
"rareSuffix.offhand.1","item_components","shared/src/data/items.ts","Aegis","","not_compared"
"rareSuffix.offhand.2","item_components","shared/src/data/items.ts","Mind","","not_compared"
"rareSuffix.offhand.3","item_components","shared/src/data/items.ts","Focus","","not_compared"
"rareSuffix.offhand.4","item_components","shared/src/data/items.ts","Bastion","","not_compared"
"rareSuffix.ring.0","item_components","shared/src/data/items.ts","Loop","","not_compared"
"rareSuffix.ring.1","item_components","shared/src/data/items.ts","Coil","","not_compared"
"rareSuffix.ring.2","item_components","shared/src/data/items.ts","Spiral","","not_compared"
"rareSuffix.ring.3","item_components","shared/src/data/items.ts","Band","","not_compared"
"rareSuffix.ring.4","item_components","shared/src/data/items.ts","Circle","","not_compared"
"rareSuffix.ring.5","item_components","shared/src/data/items.ts","Knot","","not_compared"
"rareSuffix.shoulders.0","item_components","shared/src/data/items.ts","Mantle","","not_compared"
"rareSuffix.shoulders.1","item_components","shared/src/data/items.ts","Shoulders","","not_compared"
"rareSuffix.shoulders.2","item_components","shared/src/data/items.ts","Carapace","","not_compared"
"rareSuffix.shoulders.3","item_components","shared/src/data/items.ts","Burden","","not_compared"
"rareSuffix.waist.0","item_components","shared/src/data/items.ts","Cord","","not_compared"
"rareSuffix.waist.1","item_components","shared/src/data/items.ts","Clasp","","not_compared"
"rareSuffix.waist.2","item_components","shared/src/data/items.ts","Lash","","not_compared"
"rareSuffix.waist.3","item_components","shared/src/data/items.ts","Coil","","not_compared"
"rareSuffix.weapon1h.0","item_components","shared/src/data/items.ts","Fang","","not_compared"
"rareSuffix.weapon1h.1","item_components","shared/src/data/items.ts","Edge","","not_compared"
"rareSuffix.weapon1h.2","item_components","shared/src/data/items.ts","Bite","","not_compared"
"rareSuffix.weapon1h.3","item_components","shared/src/data/items.ts","Song","","not_compared"
"rareSuffix.weapon1h.4","item_components","shared/src/data/items.ts","Thorn","","not_compared"
"rareSuffix.weapon1h.5","item_components","shared/src/data/items.ts","Spike","","not_compared"
"rareSuffix.weapon2h.0","item_components","shared/src/data/items.ts","Reaver","","not_compared"
"rareSuffix.weapon2h.1","item_components","shared/src/data/items.ts","Ruin","","not_compared"
"rareSuffix.weapon2h.2","item_components","shared/src/data/items.ts","Breaker","","not_compared"
"rareSuffix.weapon2h.3","item_components","shared/src/data/items.ts","Wrath","","not_compared"
"rareSuffix.weapon2h.4","item_components","shared/src/data/items.ts","Toll","","not_compared"
"rareSuffix.weapon2h.5","item_components","shared/src/data/items.ts","Howl","","not_compared"
"rareSuffix.wrists.0","item_components","shared/src/data/items.ts","Guard","","not_compared"
"rareSuffix.wrists.1","item_components","shared/src/data/items.ts","Shackles","","not_compared"
"rareSuffix.wrists.2","item_components","shared/src/data/items.ts","Cuffs","","not_compared"
"rareSuffix.wrists.3","item_components","shared/src/data/items.ts","Wards","","not_compared"
"sets.endless_storm.name","items","shared/src/data/items.ts","Raiment of the Endless Storm","","not_compared"
"sets.endless_storm.pieces.0.name","items","shared/src/data/items.ts","Stormcrown","","not_compared"
"sets.endless_storm.pieces.1.name","items","shared/src/data/items.ts","Storm-Torn Mantle","","not_compared"
"sets.endless_storm.pieces.2.name","items","shared/src/data/items.ts","Heart of the Gale","","not_compared"
"sets.endless_storm.pieces.3.name","items","shared/src/data/items.ts","Gyrefists","","not_compared"
"sets.endless_storm.pieces.4.name","items","shared/src/data/items.ts","Legplates of the Spiral","","not_compared"
"sets.endless_storm.pieces.5.name","items","shared/src/data/items.ts","Eyewall Sabatons","","not_compared"
"sets.fallen_star.name","items","shared/src/data/items.ts","Regalia of the Fallen Star","","not_compared"
"sets.fallen_star.pieces.0.name","items","shared/src/data/items.ts","Crown of the Fallen Star","","not_compared"
"sets.fallen_star.pieces.1.name","items","shared/src/data/items.ts","Mantle of Burning Skies","","not_compared"
"sets.fallen_star.pieces.2.name","items","shared/src/data/items.ts","Robes of the Comet","","not_compared"
"sets.fallen_star.pieces.3.name","items","shared/src/data/items.ts","Starcaller Wraps","","not_compared"
"sets.fallen_star.pieces.4.name","items","shared/src/data/items.ts","Leggings of the Long Night","","not_compared"
"sets.fallen_star.pieces.5.name","items","shared/src/data/items.ts","Ashwalker Slippers","","not_compared"
"sets.siegebreaker.name","items","shared/src/data/items.ts","Siegebreaker's Arsenal","","not_compared"
"sets.siegebreaker.pieces.0.name","items","shared/src/data/items.ts","Siegebreaker's Cowl","","not_compared"
"sets.siegebreaker.pieces.1.name","items","shared/src/data/items.ts","Siegebreaker's Spaulders","","not_compared"
"sets.siegebreaker.pieces.2.name","items","shared/src/data/items.ts","Siegebreaker's Brigandine","","not_compared"
"sets.siegebreaker.pieces.3.name","items","shared/src/data/items.ts","Siegebreaker's Grips","","not_compared"
"sets.siegebreaker.pieces.4.name","items","shared/src/data/items.ts","Siegebreaker's Breeches","","not_compared"
"sets.siegebreaker.pieces.5.name","items","shared/src/data/items.ts","Siegebreaker's Treads","","not_compared"
"skills.battle_rage.name","skills","shared/src/data/skills.ts","Battle Rage","D3-ACT-B","exact_label_match"
"skills.battle_rage.runes.0.name","skills","shared/src/data/skills.ts","Into the Fray","D3-ACT-B","exact_label_match"
"skills.battle_rage.runes.1.name","skills","shared/src/data/skills.ts","Marauder's Rage","D3-ACT-B","exact_label_match"
"skills.battle_rage.runes.2.name","skills","shared/src/data/skills.ts","Ferocity","D3-ACT-B","exact_label_match"
"skills.battle_rage.tiers.0.name","skills","shared/src/data/skills.ts","Seething","D3-ACT-B","no_exact_match_in_reviewed_class"
"skills.battle_rage.tiers.1.name","skills","shared/src/data/skills.ts","Red Mist","D3-ACT-B","no_exact_match_in_reviewed_class"
"skills.battle_rage.tiers.2.name","skills","shared/src/data/skills.ts","Unbridled","D3-ACT-B","no_exact_match_in_reviewed_class"
"skills.black_hole.name","skills","shared/src/data/skills.ts","Black Hole","D3-ACT-W","exact_label_match"
"skills.black_hole.runes.0.name","skills","shared/src/data/skills.ts","Event Horizon","D3-ACT-W","exact_label_match"
"skills.black_hole.runes.1.name","skills","shared/src/data/skills.ts","Spellsteal","D3-ACT-W","exact_label_match"
"skills.black_hole.runes.2.name","skills","shared/src/data/skills.ts","Absolute Zero","D3-ACT-W","exact_label_match"
"skills.black_hole.tiers.0.name","skills","shared/src/data/skills.ts","Singularity","D3-ACT-W","no_exact_match_in_reviewed_class"
"skills.black_hole.tiers.1.name","skills","shared/src/data/skills.ts","Short Orbit","D3-ACT-W","no_exact_match_in_reviewed_class"
"skills.black_hole.tiers.2.name","skills","shared/src/data/skills.ts","Gravity Well","D3-ACT-W","no_exact_match_in_reviewed_class"
"skills.cleave.name","skills","shared/src/data/skills.ts","Cleave","D3-ACT-B","exact_label_match"
"skills.cleave.runes.0.name","skills","shared/src/data/skills.ts","Rupture","D3-ACT-B","exact_label_match"
"skills.cleave.runes.1.name","skills","shared/src/data/skills.ts","Broad Sweep","D3-ACT-B","exact_label_match"
"skills.cleave.runes.2.name","skills","shared/src/data/skills.ts","Gathering Storm","D3-ACT-B","exact_label_match"
"skills.cleave.tiers.0.name","skills","shared/src/data/skills.ts","Honed Edge","D3-ACT-B","no_exact_match_in_reviewed_class"
"skills.cleave.tiers.1.name","skills","shared/src/data/skills.ts","Blood Tithe","D3-ACT-B","no_exact_match_in_reviewed_class"
"skills.cleave.tiers.2.name","skills","shared/src/data/skills.ts","Momentum","D3-ACT-B","exact_label_match"
"skills.cluster_arrow.name","skills","shared/src/data/skills.ts","Cluster Arrow","D3-ACT-DH","exact_label_match"
"skills.cluster_arrow.runes.0.name","skills","shared/src/data/skills.ts","Maelstrom","D3-ACT-DH","exact_label_match"
"skills.cluster_arrow.runes.1.name","skills","shared/src/data/skills.ts","Shooting Stars","D3-ACT-DH","exact_label_match"
"skills.cluster_arrow.runes.2.name","skills","shared/src/data/skills.ts","Loaded for Bear","D3-ACT-DH","exact_label_match"
"skills.cluster_arrow.tiers.0.name","skills","shared/src/data/skills.ts","Black Powder","D3-ACT-DH","no_exact_match_in_reviewed_class"
"skills.cluster_arrow.tiers.1.name","skills","shared/src/data/skills.ts","Wide Payload","D3-ACT-DH","no_exact_match_in_reviewed_class"
"skills.cluster_arrow.tiers.2.name","skills","shared/src/data/skills.ts","Frugal Fuse","D3-ACT-DH","no_exact_match_in_reviewed_class"
"skills.companion.name","skills","shared/src/data/skills.ts","Companion","D3-ACT-DH","exact_label_match"
"skills.companion.runes.0.name","skills","shared/src/data/skills.ts","Pack Leader","D3-ACT-DH","no_exact_match_in_reviewed_class"
"skills.companion.runes.1.name","skills","shared/src/data/skills.ts","Bat Companion","D3-ACT-DH","exact_label_match"
"skills.companion.runes.2.name","skills","shared/src/data/skills.ts","Raven Companion","D3-ACT-DH","no_exact_match_in_reviewed_class"
"skills.companion.tiers.0.name","skills","shared/src/data/skills.ts","Sharpened Fangs","D3-ACT-DH","no_exact_match_in_reviewed_class"
"skills.companion.tiers.1.name","skills","shared/src/data/skills.ts","Alpha","D3-ACT-DH","no_exact_match_in_reviewed_class"
"skills.companion.tiers.2.name","skills","shared/src/data/skills.ts","Twin Bond","D3-ACT-DH","no_exact_match_in_reviewed_class"
"skills.frost_nova.name","skills","shared/src/data/skills.ts","Frost Nova","D3-ACT-W","exact_label_match"
"skills.frost_nova.runes.0.name","skills","shared/src/data/skills.ts","Shatter","D3-ACT-W","exact_label_match"
"skills.frost_nova.runes.1.name","skills","shared/src/data/skills.ts","Bone Chill","D3-ACT-W","exact_label_match"
"skills.frost_nova.runes.2.name","skills","shared/src/data/skills.ts","Deep Freeze","D3-ACT-W","exact_label_match"
"skills.frost_nova.tiers.0.name","skills","shared/src/data/skills.ts","Rime","D3-ACT-W","no_exact_match_in_reviewed_class"
"skills.frost_nova.tiers.1.name","skills","shared/src/data/skills.ts","Glacial Pulse","D3-ACT-W","no_exact_match_in_reviewed_class"
"skills.frost_nova.tiers.2.name","skills","shared/src/data/skills.ts","Permafrost Ring","D3-ACT-W","no_exact_match_in_reviewed_class"
"skills.ground_stomp.name","skills","shared/src/data/skills.ts","Ground Stomp","D3-ACT-B","exact_label_match"
"skills.ground_stomp.runes.0.name","skills","shared/src/data/skills.ts","Wrenching Smash","D3-ACT-B","exact_label_match"
"skills.ground_stomp.runes.1.name","skills","shared/src/data/skills.ts","Jarring Slam","D3-ACT-B","exact_label_match"
"skills.ground_stomp.runes.2.name","skills","shared/src/data/skills.ts","Foot of the Mountain","D3-ACT-B","exact_label_match"
"skills.ground_stomp.tiers.0.name","skills","shared/src/data/skills.ts","Aftershock","D3-ACT-B","no_exact_match_in_reviewed_class"
"skills.ground_stomp.tiers.1.name","skills","shared/src/data/skills.ts","Quick Feet","D3-ACT-B","no_exact_match_in_reviewed_class"
"skills.ground_stomp.tiers.2.name","skills","shared/src/data/skills.ts","Seismic Reach","D3-ACT-B","no_exact_match_in_reviewed_class"
"skills.hungering_arrow.name","skills","shared/src/data/skills.ts","Hungering Arrow","D3-ACT-DH","exact_label_match"
"skills.hungering_arrow.runes.0.name","skills","shared/src/data/skills.ts","Puncturing Arrow","D3-ACT-DH","exact_label_match"
"skills.hungering_arrow.runes.1.name","skills","shared/src/data/skills.ts","Shatter Shot","D3-ACT-DH","exact_label_match"
"skills.hungering_arrow.runes.2.name","skills","shared/src/data/skills.ts","Devouring Arrow","D3-ACT-DH","exact_label_match"
"skills.hungering_arrow.tiers.0.name","skills","shared/src/data/skills.ts","Fletcher","D3-ACT-DH","no_exact_match_in_reviewed_class"
"skills.hungering_arrow.tiers.1.name","skills","shared/src/data/skills.ts","Twin Draw","D3-ACT-DH","no_exact_match_in_reviewed_class"
"skills.hungering_arrow.tiers.2.name","skills","shared/src/data/skills.ts","Bloodscent","D3-ACT-DH","no_exact_match_in_reviewed_class"
"skills.hydra.name","skills","shared/src/data/skills.ts","Hydra","D3-ACT-W","exact_label_match"
"skills.hydra.runes.0.name","skills","shared/src/data/skills.ts","Arcane Hydra","D3-ACT-W","exact_label_match"
"skills.hydra.runes.1.name","skills","shared/src/data/skills.ts","Frost Hydra","D3-ACT-W","exact_label_match"
"skills.hydra.runes.2.name","skills","shared/src/data/skills.ts","Mammoth Hydra","D3-ACT-W","exact_label_match"
"skills.hydra.tiers.0.name","skills","shared/src/data/skills.ts","Many Heads","D3-ACT-W","no_exact_match_in_reviewed_class"
"skills.hydra.tiers.1.name","skills","shared/src/data/skills.ts","Longevity","D3-ACT-W","no_exact_match_in_reviewed_class"
"skills.hydra.tiers.2.name","skills","shared/src/data/skills.ts","Brood","D3-ACT-W","no_exact_match_in_reviewed_class"
"skills.magic_missile.name","skills","shared/src/data/skills.ts","Magic Missile","D3-ACT-W","exact_label_match"
"skills.magic_missile.runes.0.name","skills","shared/src/data/skills.ts","Seeker","D3-ACT-W","exact_label_match"
"skills.magic_missile.runes.1.name","skills","shared/src/data/skills.ts","Split","D3-ACT-W","exact_label_match"
"skills.magic_missile.runes.2.name","skills","shared/src/data/skills.ts","Glacial Spike","D3-ACT-W","exact_label_match"
"skills.magic_missile.tiers.0.name","skills","shared/src/data/skills.ts","Focused Will","D3-ACT-W","no_exact_match_in_reviewed_class"
"skills.magic_missile.tiers.1.name","skills","shared/src/data/skills.ts","Arcane Battery","D3-ACT-W","no_exact_match_in_reviewed_class"
"skills.magic_missile.tiers.2.name","skills","shared/src/data/skills.ts","Echoing Bolt","D3-ACT-W","no_exact_match_in_reviewed_class"
"skills.magic_weapon.name","skills","shared/src/data/skills.ts","Magic Weapon","D3-ACT-W","exact_label_match"
"skills.magic_weapon.runes.0.name","skills","shared/src/data/skills.ts","Ignite","D3-ACT-W","exact_label_match"
"skills.magic_weapon.runes.1.name","skills","shared/src/data/skills.ts","Electrify","D3-ACT-W","exact_label_match"
"skills.magic_weapon.runes.2.name","skills","shared/src/data/skills.ts","Force Weapon","D3-ACT-W","exact_label_match"
"skills.magic_weapon.tiers.0.name","skills","shared/src/data/skills.ts","Lasting Glyph","D3-ACT-W","no_exact_match_in_reviewed_class"
"skills.magic_weapon.tiers.1.name","skills","shared/src/data/skills.ts","Free Glyph","D3-ACT-W","no_exact_match_in_reviewed_class"
"skills.magic_weapon.tiers.2.name","skills","shared/src/data/skills.ts","Overcharge","D3-ACT-W","no_exact_match_in_reviewed_class"
"skills.meteor.name","skills","shared/src/data/skills.ts","Meteor","D3-ACT-W","exact_label_match"
"skills.meteor.runes.0.name","skills","shared/src/data/skills.ts","Star Pact","D3-ACT-W","exact_label_match"
"skills.meteor.runes.1.name","skills","shared/src/data/skills.ts","Comet","D3-ACT-W","exact_label_match"
"skills.meteor.runes.2.name","skills","shared/src/data/skills.ts","Meteor Shower","D3-ACT-W","exact_label_match"
"skills.meteor.tiers.0.name","skills","shared/src/data/skills.ts","Heavier Stars","D3-ACT-W","no_exact_match_in_reviewed_class"
"skills.meteor.tiers.1.name","skills","shared/src/data/skills.ts","Crater","D3-ACT-W","no_exact_match_in_reviewed_class"
"skills.meteor.tiers.2.name","skills","shared/src/data/skills.ts","Celestial Discount","D3-ACT-W","no_exact_match_in_reviewed_class"
"skills.multishot.name","skills","shared/src/data/skills.ts","Multishot","D3-ACT-DH","exact_label_match"
"skills.multishot.runes.0.name","skills","shared/src/data/skills.ts","Fire at Will","D3-ACT-DH","exact_label_match"
"skills.multishot.runes.1.name","skills","shared/src/data/skills.ts","Arsenal","D3-ACT-DH","exact_label_match"
"skills.multishot.runes.2.name","skills","shared/src/data/skills.ts","Full Broadside","D3-ACT-DH","exact_label_match"
"skills.multishot.tiers.0.name","skills","shared/src/data/skills.ts","Volley Drill","D3-ACT-DH","no_exact_match_in_reviewed_class"
"skills.multishot.tiers.1.name","skills","shared/src/data/skills.ts","Extra Quivers","D3-ACT-DH","no_exact_match_in_reviewed_class"
"skills.multishot.tiers.2.name","skills","shared/src/data/skills.ts","Hatred Harvest","D3-ACT-DH","no_exact_match_in_reviewed_class"
"skills.rain_of_vengeance.name","skills","shared/src/data/skills.ts","Rain of Vengeance","D3-ACT-DH","exact_label_match"
"skills.rain_of_vengeance.runes.0.name","skills","shared/src/data/skills.ts","Dark Cloud","D3-ACT-DH","exact_label_match"
"skills.rain_of_vengeance.runes.1.name","skills","shared/src/data/skills.ts","Beastly Bombs","D3-ACT-DH","no_exact_match_in_reviewed_class"
"skills.rain_of_vengeance.runes.2.name","skills","shared/src/data/skills.ts","Stampede","D3-ACT-DH","exact_label_match"
"skills.rain_of_vengeance.tiers.0.name","skills","shared/src/data/skills.ts","Hail of Shafts","D3-ACT-DH","no_exact_match_in_reviewed_class"
"skills.rain_of_vengeance.tiers.1.name","skills","shared/src/data/skills.ts","Vengeance Renewed","D3-ACT-DH","no_exact_match_in_reviewed_class"
"skills.rain_of_vengeance.tiers.2.name","skills","shared/src/data/skills.ts","Wide Storm","D3-ACT-DH","no_exact_match_in_reviewed_class"
"skills.rend.name","skills","shared/src/data/skills.ts","Rend","D3-ACT-B","exact_label_match"
"skills.rend.runes.0.name","skills","shared/src/data/skills.ts","Ravage","D3-ACT-B","exact_label_match"
"skills.rend.runes.1.name","skills","shared/src/data/skills.ts","Bloodlust","D3-ACT-B","no_exact_match_in_reviewed_class"
"skills.rend.runes.2.name","skills","shared/src/data/skills.ts","Lacerate","D3-ACT-B","exact_label_match"
"skills.rend.tiers.0.name","skills","shared/src/data/skills.ts","Deep Wounds","D3-ACT-B","no_exact_match_in_reviewed_class"
"skills.rend.tiers.1.name","skills","shared/src/data/skills.ts","Frugal Butcher","D3-ACT-B","no_exact_match_in_reviewed_class"
"skills.rend.tiers.2.name","skills","shared/src/data/skills.ts","Contagion","D3-ACT-B","no_exact_match_in_reviewed_class"
"skills.seismic_slam.name","skills","shared/src/data/skills.ts","Seismic Slam","D3-ACT-B","exact_label_match"
"skills.seismic_slam.runes.0.name","skills","shared/src/data/skills.ts","Shattered Ground","D3-ACT-B","exact_label_match"
"skills.seismic_slam.runes.1.name","skills","shared/src/data/skills.ts","Permafrost","D3-ACT-B","exact_label_match"
"skills.seismic_slam.runes.2.name","skills","shared/src/data/skills.ts","Rumble","D3-ACT-B","exact_label_match"
"skills.seismic_slam.tiers.0.name","skills","shared/src/data/skills.ts","Fault Line","D3-ACT-B","no_exact_match_in_reviewed_class"
"skills.seismic_slam.tiers.1.name","skills","shared/src/data/skills.ts","Tremor Economy","D3-ACT-B","no_exact_match_in_reviewed_class"
"skills.seismic_slam.tiers.2.name","skills","shared/src/data/skills.ts","Wide Rift","D3-ACT-B","no_exact_match_in_reviewed_class"
"skills.sentry.name","skills","shared/src/data/skills.ts","Sentry","D3-ACT-DH","exact_label_match"
"skills.sentry.runes.0.name","skills","shared/src/data/skills.ts","Spitfire Turret","D3-ACT-DH","exact_label_match"
"skills.sentry.runes.1.name","skills","shared/src/data/skills.ts","Chain of Torment","D3-ACT-DH","exact_label_match"
"skills.sentry.runes.2.name","skills","shared/src/data/skills.ts","Polar Station","D3-ACT-DH","exact_label_match"
"skills.sentry.tiers.0.name","skills","shared/src/data/skills.ts","Reinforced Frame","D3-ACT-DH","no_exact_match_in_reviewed_class"
"skills.sentry.tiers.1.name","skills","shared/src/data/skills.ts","Rapid Assembly","D3-ACT-DH","no_exact_match_in_reviewed_class"
"skills.sentry.tiers.2.name","skills","shared/src/data/skills.ts","Custom Engineering","D3-ACT-DH","no_exact_match_in_reviewed_class"
"skills.whirlwind.name","skills","shared/src/data/skills.ts","Whirlwind","D3-ACT-B","exact_label_match"
"skills.whirlwind.runes.0.name","skills","shared/src/data/skills.ts","Dust Devils","D3-ACT-B","exact_label_match"
"skills.whirlwind.runes.1.name","skills","shared/src/data/skills.ts","Blood Funnel","D3-ACT-B","exact_label_match"
"skills.whirlwind.runes.2.name","skills","shared/src/data/skills.ts","Volcanic Eruption","D3-ACT-B","exact_label_match"
"skills.whirlwind.tiers.0.name","skills","shared/src/data/skills.ts","Wider Gyre","D3-ACT-B","no_exact_match_in_reviewed_class"
"skills.whirlwind.tiers.1.name","skills","shared/src/data/skills.ts","Endless Spin","D3-ACT-B","no_exact_match_in_reviewed_class"
"skills.whirlwind.tiers.2.name","skills","shared/src/data/skills.ts","Eye of the Storm","D3-ACT-B","no_exact_match_in_reviewed_class"
"town.buildings.0.interior.label","town","shared/src/data/town/hearthmere.json","The Wren and Wick","","not_compared"
"town.buildings.0.label","town","shared/src/data/town/hearthmere.json","Inn","","not_compared"
"town.buildings.1.interior.label","town","shared/src/data/town/hearthmere.json","Cinder Workshop","","not_compared"
"town.buildings.1.label","town","shared/src/data/town/hearthmere.json","Forge","","not_compared"
"town.buildings.2.label","town","shared/src/data/town/hearthmere.json","Jeweler stall","","not_compared"
"town.buildings.3.label","town","shared/src/data/town/hearthmere.json","Mystic wagon","","not_compared"
"town.buildings.4.label","town","shared/src/data/town/hearthmere.json","Lane house","","not_compared"
"town.buildings.5.label","town","shared/src/data/town/hearthmere.json","Back-lane house","","not_compared"
"town.buildings.6.label","town","shared/src/data/town/hearthmere.json","Upper court house A","","not_compared"
"town.buildings.7.label","town","shared/src/data/town/hearthmere.json","Upper court house B","","not_compared"
"town.buildings.8.label","town","shared/src/data/town/hearthmere.json","Closed cellar apron","","not_compared"
"town.districts.0.label","town","shared/src/data/town/hearthmere.json","plaza","","not_compared"
"town.districts.1.label","town","shared/src/data/town/hearthmere.json","upper court","","not_compared"
"town.districts.2.label","town","shared/src/data/town/hearthmere.json","shrine clearing","","not_compared"
"town.npcs.0.name","town","shared/src/data/town/hearthmere.json","Waypoint","","not_compared"
"town.npcs.1.name","town","shared/src/data/town/hearthmere.json","Stash","","not_compared"
"town.npcs.10.name","town","shared/src/data/town/hearthmere.json","Elite Training Dummy","","not_compared"
"town.npcs.2.name","town","shared/src/data/town/hearthmere.json","Blacksmith","","not_compared"
"town.npcs.3.name","town","shared/src/data/town/hearthmere.json","Jeweler","","not_compared"
"town.npcs.4.name","town","shared/src/data/town/hearthmere.json","Mystic","","not_compared"
"town.npcs.5.name","town","shared/src/data/town/hearthmere.json","The Ancients' Cube","","not_compared"
"town.npcs.6.name","town","shared/src/data/town/hearthmere.json","Rift Obelisk","","not_compared"
"town.npcs.7.name","town","shared/src/data/town/hearthmere.json","Paragon shrine","","not_compared"
"town.npcs.8.name","town","shared/src/data/town/hearthmere.json","Training Dummy","","not_compared"
"town.npcs.9.name","town","shared/src/data/town/hearthmere.json","Training Dummy","","not_compared"
"town.portals.0.label","town","shared/src/data/town/hearthmere.json","To The Whispering Glade","","not_compared"
"town.portals.1.label","town","shared/src/data/town/hearthmere.json","To Ashen Hollow","","not_compared"
"town.routes.0.label","town","shared/src/data/town/hearthmere.json","WP → Stash","","not_compared"
"town.routes.1.label","town","shared/src/data/town/hearthmere.json","WP → Blacksmith","","not_compared"
"town.routes.10.label","town","shared/src/data/town/hearthmere.json","Jeweler → Mystic","","not_compared"
"town.routes.11.label","town","shared/src/data/town/hearthmere.json","Mystic → Blacksmith","","not_compared"
"town.routes.12.label","town","shared/src/data/town/hearthmere.json","Blacksmith → Stash","","not_compared"
"town.routes.13.label","town","shared/src/data/town/hearthmere.json","Cube → Rift","","not_compared"
"town.routes.14.label","town","shared/src/data/town/hearthmere.json","WP → Pier","","not_compared"
"town.routes.15.label","town","shared/src/data/town/hearthmere.json","WP → Upper gate","","not_compared"
"town.routes.16.label","town","shared/src/data/town/hearthmere.json","WP → Eastern gate","","not_compared"
"town.routes.17.label","town","shared/src/data/town/hearthmere.json","WP → Southern approach","","not_compared"
"town.routes.18.label","town","shared/src/data/town/hearthmere.json","WP → Ruins-road exit","","not_compared"
"town.routes.19.label","town","shared/src/data/town/hearthmere.json","Inn interior","","not_compared"
"town.routes.2.label","town","shared/src/data/town/hearthmere.json","WP → Jeweler","","not_compared"
"town.routes.20.label","town","shared/src/data/town/hearthmere.json","Forge interior","","not_compared"
"town.routes.3.label","town","shared/src/data/town/hearthmere.json","WP → Mystic","","not_compared"
"town.routes.4.label","town","shared/src/data/town/hearthmere.json","WP → Cube","","not_compared"
"town.routes.5.label","town","shared/src/data/town/hearthmere.json","WP → Rift","","not_compared"
"town.routes.6.label","town","shared/src/data/town/hearthmere.json","WP → Paragon","","not_compared"
"town.routes.7.label","town","shared/src/data/town/hearthmere.json","WP → Training","","not_compared"
"town.routes.8.label","town","shared/src/data/town/hearthmere.json","WP → Inn","","not_compared"
"town.routes.9.label","town","shared/src/data/town/hearthmere.json","Stash → Jeweler","","not_compared"
"zones.ashen_hollow.name","zones","shared/src/data/zones.ts","Ashen Hollow","","not_compared"
"zones.hearthmere.name","zones","shared/src/data/zones.ts","Hearthmere","","not_compared"
"zones.rift.name","zones","shared/src/data/zones.ts","Nephalem Rift","","not_compared"
"zones.whispering_glade.name","zones","shared/src/data/zones.ts","The Whispering Glade","","not_compared"
